,offset
0,53860
1,53974
2,66795
3,74474
4,70603
5,39410
6,44763
7,76105
8,69392
9,66182
10,71213
11,53063
12,64527
13,72205
14,37006
15,79677
16,46703
17,71994
18,79308
19,56460
20,67582
21,58485
22,48959
23,72470
24,55359
25,50869
26,74350
27,67195
28,38381
29,71702
30,56548
31,67734
32,65612
33,70798
34,76955
35,79612
36,39933
37,38993
38,63147
39,72420
40,54458
41,62310
42,62646
43,67426
44,62772
45,60252
46,35010
47,47962
48,64859
49,34976
50,65122
51,53166
52,46559
53,56254
54,79902
55,43722
56,70946
57,64656
58,65128
59,69391
60,45306
61,78462
62,77806
63,60583
64,78309
65,63858
66,69018
67,39289
68,40033
69,65029
70,62953
71,35054
72,78483
73,71558
74,59009
75,62794
76,54126
77,75915
78,78051
79,53359
80,56891
81,55583
82,63832
83,49605
84,52326
85,48003
86,47471
87,75912
88,54433
89,44358
90,80224
91,51247
92,63833
93,68660
94,62167
95,40915
96,78469
97,69224
98,62319
99,35555
100,62313
101,53561
102,73346
103,66503
104,47000
105,50243
106,38592
107,62834
108,35326
109,49032
110,70080
111,62771
112,54330
113,60454
114,79620
115,61550
116,51143
117,64361
118,64714
119,70623
120,41432
121,76712
122,73172
123,48036
124,44878
125,69325
126,64993
127,78108
128,61349
129,37531
130,36219
131,71006
132,62703
133,65417
134,48270
135,40950
136,56473
137,55048
138,37718
139,58177
140,70323
141,74491
142,61706
143,49664
144,49451
145,64053
146,58455
147,79644
148,43134
149,41294
150,38917
151,58724
152,45180
153,56566
154,55564
155,55402
156,39133
157,64620
158,78103
159,75430
160,44888
161,60029
162,57500
163,47824
164,47473
165,36977
166,44706
167,48061
168,69772
169,49480
170,53820
171,71447
172,35594
173,48010
174,53910
175,43781
176,72614
177,48744
178,68583
179,78030
180,51315
181,58088
182,71039
183,61155
184,36334
185,35953
186,72624
187,68207
188,60429
189,78302
190,67229
191,34493
192,58708
193,35423
194,47599
195,57790
196,60056
197,51590
198,49354
199,71271
200,64476
201,74601
202,68009
203,51218
204,57067
205,64116
206,57798
207,76036
208,67861
209,38070
210,39443
211,49363
212,77950
213,46277
214,55086
215,80048
216,65342
217,61121
218,52643
219,70072
220,79819
221,62952
222,70681
223,57270
224,56957
225,43804
226,46603
227,75953
228,75457
229,38194
230,58827
231,40097
232,49339
233,62670
234,78660
235,70958
236,78800
237,51672
238,61058
239,61005
240,71535
241,43406
242,46502
243,49786
244,75591
245,72371
246,43689
247,54111
248,56168
249,36519
250,57294
251,48985
252,56700
253,44681
254,55114
255,51099
256,75678
257,79739
258,67595
259,61632
260,47787
261,46582
262,79152
263,65657
264,51648
265,60355
266,70171
267,70073
268,68920
269,57218
270,64855
271,45183
272,43444
273,50792
274,57102
275,36735
276,55627
277,72547
278,50310
279,62982
280,58699
281,70264
282,65053
283,68563
284,63810
285,40615
286,68674
287,61351
288,36667
289,64880
290,78933
291,47644
292,57989
293,78454
294,44940
295,44255
296,41108
297,54001
298,56247
299,49283
300,56110
301,35393
302,52707
303,42902
304,58038
305,80031
306,40101
307,41231
308,63237
309,66266
310,61558
311,61140
312,42990
313,47695
314,74376
315,50611
316,41253
317,73681
318,72855
319,46885
320,61310
321,59395
322,70650
323,39544
324,47994
325,42457
326,70352
327,58757
328,36723
329,76272
330,41860
331,61464
332,75901
333,57355
334,56684
335,44097
336,69771
337,39060
338,63653
339,38499
340,70809
341,75043
342,42543
343,44517
344,78755
345,58610
346,67716
347,43371
348,39023
349,46245
350,56219
351,68974
352,73493
353,70389
354,65942
355,64466
356,51090
357,38565
358,36175
359,40829
360,62048
361,62384
362,35771
363,66115
364,51548
365,42080
366,46082
367,55887
368,58304
369,61407
370,40348
371,70562
372,44070
373,37507
374,74130
375,73484
376,36999
377,49117
378,35682
379,48458
380,47884
381,57482
382,68519
383,36065
384,77686
385,77370
386,40303
387,58044
388,58321
389,51490
390,52290
391,37691
392,46642
393,65191
394,35252
395,44660
396,35481
397,54850
398,67866
399,54993
400,44732
401,74672
402,59845
403,40355
404,50688
405,47465
406,63435
407,62046
408,64427
409,63472
410,40706
411,51988
412,71294
413,56456
414,37537
415,47501
416,65891
417,63718
418,45402
419,35632
420,63092
421,71986
422,68585
423,61444
424,36312
425,48226
426,59785
427,70708
428,50563
429,79319
430,76273
431,40586
432,65201
433,78877
434,49767
435,63291
436,78833
437,44986
438,72346
439,72144
440,46424
441,62467
442,76955
443,76610
444,77517
445,44133
446,75015
447,37300
448,62845
449,56486
450,48092
451,71382
452,57829
453,78413
454,41252
455,63506
456,56168
457,64227
458,44356
459,36850
460,38998
461,70351
462,58322
463,55406
464,51049
465,53100
466,76010
467,57598
468,40248
469,67065
470,57774
471,77219
472,80054
473,34709
474,46783
475,58600
476,56393
477,55945
478,43118
479,78836
480,52497
481,62780
482,40646
483,43057
484,51232
485,70228
486,61194
487,64638
488,70019
489,38645
490,70788
491,62890
492,70483
493,79100
494,60261
495,41759
496,67606
497,70688
498,64368
499,41346
500,38792
501,75100
502,46929
503,79278
504,71998
505,57551
506,52077
507,50139
508,42573
509,76015
510,38149
511,64608
512,47569
513,68495
514,45945
515,41890
516,44313
517,73995
518,42682
519,39804
520,70595
521,49590
522,71127
523,76409
524,48922
525,71089
526,38392
527,50021
528,76538
529,51832
530,49127
531,58309
532,66515
533,59371
534,38672
535,51435
536,69279
537,77448
538,37959
539,56430
540,42831
541,37119
542,45995
543,50612
544,47795
545,41047
546,75578
547,37108
548,58308
549,53416
550,46437
551,45611
552,37522
553,48091
554,49187
555,50441
556,51807
557,76852
558,65056
559,79811
560,74122
561,50317
562,77195
563,66000
564,46154
565,64498
566,67329
567,79769
568,68545
569,59409
570,63982
571,65499
572,48804
573,69857
574,57035
575,51720
576,44469
577,70961
578,66029
579,40181
580,62650
581,52650
582,43374
583,36398
584,37378
585,57060
586,56445
587,35678
588,74763
589,56717
590,55621
591,45549
592,55037
593,42671
594,65533
595,52670
596,53112
597,45056
598,37486
599,65844
600,67556
601,79169
602,47483
603,40655
604,78376
605,52524
606,75974
607,54197
608,74833
609,52020
610,39173
611,73636
612,56917
613,76675
614,45572
615,40610
616,59851
617,56998
618,65979
619,67338
620,41172
621,75873
622,39388
623,34976
624,59473
625,70710
626,38249
627,60900
628,40827
629,46785
630,57124
631,64506
632,51775
633,53383
634,46025
635,79721
636,42362
637,45389
638,63637
639,40530
640,61800
641,41380
642,45835
643,72485
644,52600
645,45790
646,57810
647,51559
648,72210
649,42870
650,69085
651,46185
652,69347
653,47956
654,36768
655,34713
656,54200
657,39095
658,62566
659,65691
660,63304
661,53304
662,49600
663,55927
664,77351
665,69479
666,75257
667,78989
668,76246
669,50192
670,40259
671,79214
672,36567
673,67507
674,55155
675,72185
676,49407
677,58220
678,62095
679,37940
680,40200
681,69450
682,39961
683,59568
684,74527
685,71235
686,57630
687,38953
688,66537
689,38179
690,46691
691,48626
692,71293
693,43071
694,55984
695,68961
696,55675
697,60342
698,45061
699,74715
700,75992
701,62598
702,44061
703,40171
704,72772
705,58491
706,45477
707,44232
708,49698
709,53832
710,48533
711,53150
712,57836
713,57488
714,59685
715,54317
716,59128
717,38958
718,63796
719,38027
720,78180
721,67724
722,58784
723,68879
724,80412
725,47755
726,53600
727,67064
728,74919
729,37418
730,77184
731,60712
732,60360
733,40050
734,55720
735,47673
736,54138
737,52684
738,77005
739,45137
740,60771
741,51363
742,78886
743,65967
744,62035
745,67169
746,54558
747,39924
748,63654
749,37512
750,43982
751,67432
752,73480
753,49819
754,71464
755,40430
756,49806
757,68426
758,44312
759,74913
760,65040
761,76778
762,40162
763,54755
764,64612
765,41109
766,36322
767,74757
768,78674
769,50915
770,61184
771,71838
772,47743
773,61465
774,44253
775,77353
776,66454
777,69799
778,47095
779,65206
780,43053
781,59610
782,73391
783,54926
784,59432
785,72273
786,73542
787,55743
788,78881
789,39853
790,69668
791,40199
792,58019
793,74557
794,71509
795,41682
796,39885
797,36038
798,39762
799,52083
800,52017
801,60926
802,52627
803,35473
804,60917
805,36080
806,59277
807,66330
808,54097
809,53300
810,37430
811,72534
812,47924
813,52763
814,37912
815,58507
816,70897
817,66795
818,41159
819,59705
820,79293
821,41199
822,53752
823,46938
824,42459
825,56268
826,66272
827,59118
828,56810
829,71698
830,58236
831,46229
832,54099
833,52473
834,64300
835,38820
836,37002
837,42612
838,77150
839,73086
840,72886
841,67922
842,67907
843,60201
844,63417
845,36527
846,41437
847,68603
848,42078
849,63246
850,43112
851,74812
852,41205
853,64286
854,64541
855,39930
856,39395
857,36925
858,54742
859,49506
860,39920
861,66750
862,63403
863,74416
864,48266
865,43864
866,51684
867,51218
868,63981
869,71502
870,53084
871,55153
872,55717
873,65458
874,51376
875,40367
876,64753
877,63185
878,39682
879,43778
880,67085
881,57467
882,78242
883,43565
884,35815
885,41936
886,45589
887,54384
888,68183
889,57244
890,74968
891,64078
892,55615
893,51123
894,48938
895,73015
896,63544
897,59744
898,77299
899,52045
900,41347
901,55487
902,48404
903,57708
904,72961
905,69877
906,63278
907,65893
908,47389
909,77384
910,59347
911,75493
912,78721
913,43704
914,71885
915,58046
916,61854
917,73270
918,45399
919,39245
920,49011
921,59177
922,63218
923,38500
924,49070
925,46332
926,62103
927,34978
928,64834
929,36287
930,79010
931,38960
932,60282
933,79726
934,51687
935,41138
936,62121
937,56353
938,63709
939,36594
940,43591
941,45992
942,72454
943,67054
944,45958
945,54463
946,58557
947,39981
948,56741
949,47618
950,67085
951,65909
952,46404
953,66604
954,80384
955,71760
956,76778
957,62376
958,52735
959,77431
960,64599
961,61799
962,50314
963,67722
964,45913
965,71609
966,52150
967,73209
968,61132
969,53977
970,46269
971,68707
972,67669
973,52431
974,65571
975,49896
976,39744
977,44433
978,77328
979,66947
980,69314
981,36304
982,68922
983,52821
984,68515
985,70559
986,50229
987,53770
988,45885
989,61273
990,68246
991,37874
992,49531
993,59221
994,60444
995,53795
996,37180
997,35288
998,43886
999,49444
1000,49426
1001,43080
1002,37881
1003,64139
1004,34677
1005,46272
1006,69372
1007,74917
1008,41229
1009,70621
1010,73538
1011,47682
1012,63260
1013,69174
1014,34686
1015,66616
1016,72892
1017,77138
1018,49197
1019,69741
1020,40954
1021,60018
1022,67339
1023,61907
1024,47472
1025,52660
1026,79838
1027,71583
1028,37532
1029,62236
1030,72605
1031,74429
1032,54669
1033,63402
1034,54850
1035,74317
1036,43192
1037,64945
1038,63701
1039,78328
1040,37060
1041,47312
1042,67936
1043,35767
1044,65164
1045,78366
1046,63976
1047,62484
1048,55478
1049,50273
1050,48277
1051,59527
1052,40553
1053,49811
1054,40721
1055,53530
1056,66201
1057,61810
1058,56659
1059,71816
1060,34931
1061,77807
1062,54608
1063,41032
1064,47583
1065,75251
1066,70092
1067,68079
1068,69170
1069,80128
1070,63287
1071,50976
1072,51996
1073,37470
1074,78276
1075,65766
1076,54024
1077,62318
1078,55880
1079,71071
1080,55942
1081,66965
1082,66043
1083,72509
1084,72979
1085,40878
1086,54632
1087,61851
1088,54414
1089,46532
1090,42424
1091,36624
1092,67856
1093,42915
1094,53265
1095,37804
1096,72273
1097,51524
1098,72261
1099,44358
1100,67811
1101,64863
1102,79819
1103,64745
1104,69485
1105,78282
1106,37085
1107,54164
1108,41003
1109,38196
1110,61204
1111,72818
1112,37201
1113,79218
1114,75656
1115,80196
1116,38226
1117,58574
1118,47075
1119,37987
1120,74384
1121,74681
1122,59675
1123,41424
1124,37196
1125,40346
1126,38118
1127,72491
1128,45210
1129,50427
1130,77224
1131,59658
1132,77191
1133,59664
1134,71600
1135,58358
1136,44656
1137,67071
1138,54316
1139,67559
1140,58733
1141,35379
1142,73061
1143,39858
1144,52659
1145,46104
1146,36442
1147,35391
1148,58221
1149,46505
1150,41417
1151,52883
1152,72723
1153,74731
1154,66694
1155,62661
1156,73556
1157,54825
1158,79406
1159,75286
1160,36379
1161,39863
1162,44566
1163,58308
1164,72377
1165,48520
1166,70426
1167,73138
1168,64489
1169,67464
1170,46835
1171,68813
1172,44557
1173,74461
1174,37893
1175,61081
1176,78212
1177,68226
1178,42295
1179,38034
1180,42185
1181,67268
1182,54312
1183,71098
1184,46838
1185,69714
1186,48158
1187,77035
1188,63135
1189,64970
1190,80471
1191,35322
1192,59017
1193,66122
1194,53875
1195,56600
1196,40362
1197,43209
1198,39169
1199,43537
1200,74673
1201,52833
1202,66988
1203,62645
1204,70710
1205,48653
1206,52588
1207,72642
1208,53325
1209,65679
1210,69691
1211,56741
1212,65126
1213,75717
1214,69051
1215,58585
1216,40071
1217,69974
1218,58143
1219,69420
1220,52559
1221,71213
1222,59249
1223,75902
1224,37002
1225,62994
1226,60458
1227,77687
1228,60112
1229,55893
1230,51041
1231,40024
1232,43374
1233,43697
1234,70876
1235,65341
1236,45881
1237,64653
1238,36867
1239,65325
1240,45982
1241,51804
1242,67502
1243,66879
1244,80512
1245,67632
1246,73727
1247,70967
1248,73246
1249,41016
1250,45093
1251,46811
1252,47568
1253,53745
1254,63440
1255,65991
1256,70153
1257,50573
1258,38504
1259,61586
1260,41986
1261,38428
1262,57923
1263,66615
1264,72626
1265,61555
1266,58365
1267,78446
1268,43483
1269,60321
1270,58448
1271,59808
1272,59621
1273,68581
1274,68381
1275,36249
1276,40741
1277,46357
1278,42059
1279,73053
1280,45167
1281,60819
1282,34742
1283,46294
1284,50645
1285,64509
1286,79286
1287,43006
1288,48294
1289,71282
1290,66253
1291,53509
1292,60091
1293,68667
1294,70381
1295,46000
1296,76641
1297,62190
1298,61797
1299,66119
1300,51517
1301,39926
1302,75456
1303,76412
1304,51674
1305,34580
1306,72021
1307,42111
1308,41825
1309,79336
1310,73085
1311,43839
1312,45792
1313,42469
1314,65092
1315,71641
1316,61038
1317,55341
1318,76270
1319,56761
1320,77540
1321,66786
1322,76696
1323,54124
1324,74104
1325,76008
1326,56022
1327,66401
1328,67916
1329,77251
1330,63328
1331,57134
1332,45885
1333,56995
1334,59023
1335,72519
1336,55422
1337,46237
1338,59408
1339,74143
1340,56325
1341,71737
1342,64201
1343,62875
1344,77571
1345,65695
1346,62131
1347,40047
1348,80505
1349,45551
1350,64630
1351,58213
1352,48127
1353,45697
1354,47749
1355,69237
1356,62366
1357,78522
1358,55650
1359,38368
1360,66972
1361,44468
1362,62354
1363,48906
1364,65808
1365,74226
1366,36209
1367,58886
1368,48729
1369,70023
1370,42217
1371,38740
1372,48119
1373,42213
1374,44272
1375,37461
1376,56962
1377,53205
1378,55875
1379,52547
1380,78764
1381,64184
1382,71208
1383,43591
1384,60867
1385,46877
1386,53395
1387,51596
1388,43325
1389,42605
1390,66750
1391,36956
1392,39447
1393,35273
1394,47973
1395,61723
1396,54826
1397,41145
1398,56408
1399,57686
1400,58819
1401,44745
1402,39113
1403,63794
1404,42517
1405,57047
1406,74595
1407,67142
1408,34777
1409,50884
1410,62114
1411,79618
1412,78078
1413,59269
1414,43064
1415,54389
1416,42267
1417,80486
1418,42273
1419,78882
1420,74955
1421,57346
1422,69299
1423,43185
1424,80043
1425,66957
1426,36942
1427,74595
1428,76021
1429,71949
1430,79616
1431,62765
1432,55881
1433,64838
1434,71091
1435,67236
1436,36711
1437,55732
1438,79980
1439,77888
1440,62313
1441,39576
1442,54277
1443,77988
1444,46354
1445,66927
1446,38348
1447,40757
1448,37770
1449,48740
1450,76236
1451,59028
1452,54720
1453,73684
1454,44201
1455,43207
1456,77679
1457,37682
1458,73092
1459,40815
1460,74536
1461,68187
1462,37485
1463,38188
1464,62799
1465,35301
1466,72332
1467,52019
1468,35789
1469,40248
1470,64726
1471,52870
1472,36877
1473,71087
1474,77135
1475,44596
1476,45829
1477,56552
1478,71604
1479,61579
1480,42178
1481,52392
1482,73803
1483,74255
1484,41526
1485,75642
1486,40564
1487,46254
1488,64489
1489,53768
1490,48382
1491,36708
1492,53886
1493,70188
1494,44281
1495,75916
1496,77560
1497,63264
1498,59527
1499,73774
1500,41320
1501,56912
1502,41032
1503,80433
1504,52862
1505,55620
1506,34629
1507,55465
1508,34995
1509,35586
1510,64469
1511,73106
1512,63799
1513,64753
1514,68571
1515,80009
1516,65595
1517,71719
1518,47459
1519,37487
1520,70175
1521,59765
1522,73742
1523,69561
1524,37174
1525,66820
1526,56206
1527,80454
1528,49023
1529,53868
1530,40967
1531,45207
1532,37130
1533,52610
1534,76850
1535,73409
1536,37348
1537,45482
1538,61880
1539,60951
1540,78400
1541,44716
1542,67173
1543,79150
1544,51305
1545,73967
1546,69701
1547,72821
1548,60674
1549,56840
1550,67655
1551,55591
1552,64495
1553,59340
1554,42721
1555,63272
1556,39282
1557,79349
1558,50367
1559,43422
1560,45124
1561,58403
1562,45951
1563,47378
1564,38187
1565,49949
1566,68975
1567,80562
1568,39528
1569,38957
1570,51356
1571,53134
1572,77242
1573,45578
1574,34715
1575,51351
1576,62893
1577,63029
1578,36290
1579,65008
1580,67989
1581,44462
1582,50925
1583,73642
1584,67872
1585,63778
1586,64605
1587,70744
1588,49569
1589,45039
1590,40108
1591,65498
1592,72153
1593,71720
1594,55295
1595,60515
1596,76373
1597,43232
1598,67508
1599,60469
1600,69426
1601,68731
1602,74786
1603,45299
1604,41639
1605,59205
1606,64583
1607,79537
1608,51433
1609,54028
1610,71464
1611,42239
1612,59631
1613,47118
1614,46124
1615,70788
1616,49364
1617,43196
1618,70830
1619,76759
1620,60942
1621,74084
1622,36480
1623,49275
1624,73351
1625,54126
1626,73520
1627,56902
1628,61737
1629,43400
1630,61367
1631,64110
1632,63012
1633,53611
1634,61639
1635,66587
1636,79363
1637,59244
1638,54349
1639,53573
1640,62645
1641,69831
1642,80487
1643,46759
1644,74570
1645,45823
1646,46361
1647,48839
1648,41468
1649,59576
1650,36910
1651,46904
1652,73765
1653,38632
1654,64694
1655,46009
1656,40669
1657,73612
1658,79279
1659,67239
1660,59481
1661,39939
1662,80395
1663,68557
1664,73529
1665,36365
1666,71360
1667,49024
1668,55743
1669,69440
1670,35451
1671,58692
1672,64271
1673,77807
1674,47147
1675,61126
1676,75739
1677,77501
1678,75168
1679,38149
1680,72704
1681,37483
1682,74263
1683,42134
1684,55510
1685,45906
1686,47820
1687,44268
1688,57748
1689,56654
1690,37425
1691,62376
1692,39412
1693,50841
1694,51017
1695,68998
1696,73857
1697,49860
1698,47484
1699,79954
1700,52123
1701,72858
1702,36414
1703,44992
1704,68331
1705,42807
1706,70206
1707,54727
1708,40792
1709,42769
1710,50439
1711,67236
1712,41918
1713,69929
1714,73901
1715,56849
1716,61867
1717,45615
1718,60139
1719,50829
1720,72607
1721,69046
1722,57131
1723,59950
1724,63968
1725,68188
1726,53142
1727,43758
1728,75894
1729,37533
1730,70300
1731,74076
1732,56713
1733,58959
1734,57777
1735,75903
1736,59209
1737,36386
1738,48171
1739,53911
1740,36280
1741,49620
1742,50863
1743,65411
1744,52660
1745,44129
1746,43890
1747,52759
1748,35525
1749,44418
1750,73854
1751,63879
1752,70252
1753,34915
1754,54368
1755,62214
1756,78318
1757,66057
1758,65572
1759,42530
1760,39487
1761,45153
1762,65738
1763,44037
1764,56669
1765,42618
1766,44858
1767,37053
1768,74581
1769,69094
1770,74224
1771,80476
1772,46076
1773,39374
1774,67853
1775,76006
1776,67435
1777,71239
1778,67306
1779,58449
1780,66952
1781,58652
1782,57359
1783,47518
1784,57968
1785,54642
1786,35766
1787,65260
1788,43167
1789,44353
1790,75914
1791,39811
1792,79882
1793,43771
1794,78882
1795,46857
1796,60902
1797,71936
1798,39194
1799,52010
1800,47818
1801,79140
1802,67256
1803,50849
1804,71817
1805,37052
1806,64512
1807,43634
1808,63233
1809,80523
1810,67549
1811,64128
1812,56498
1813,79607
1814,79402
1815,39888
1816,44905
1817,40630
1818,53220
1819,74890
1820,68262
1821,39675
1822,60371
1823,68753
1824,73943
1825,55176
1826,58731
1827,48066
1828,62070
1829,79958
1830,42055
1831,61015
1832,37346
1833,59514
1834,53706
1835,69905
1836,61720
1837,50151
1838,76599
1839,51674
1840,69108
1841,68539
1842,41909
1843,80066
1844,61533
1845,53408
1846,61950
1847,61250
1848,68463
1849,54141
1850,42776
1851,61501
1852,72717
1853,43451
1854,35411
1855,68791
1856,38618
1857,68046
1858,38320
1859,42036
1860,46825
1861,43054
1862,54567
1863,65007
1864,79711
1865,67412
1866,45053
1867,75957
1868,70794
1869,77397
1870,37345
1871,73939
1872,44477
1873,55062
1874,79012
1875,75825
1876,68703
1877,52591
1878,44918
1879,78219
1880,47139
1881,78647
1882,59935
1883,54238
1884,49758
1885,75517
1886,79343
1887,39326
1888,80345
1889,57431
1890,76269
1891,66668
1892,69239
1893,61911
1894,46073
1895,42561
1896,37079
1897,39865
1898,73878
1899,49247
1900,77438
1901,73419
1902,74673
1903,57351
1904,69183
1905,44012
1906,74975
1907,76254
1908,51078
1909,54487
1910,78556
1911,53628
1912,78951
1913,43697
1914,70201
1915,61506
1916,51505
1917,43421
1918,74508
1919,38507
1920,49463
1921,60395
1922,77570
1923,75766
1924,76434
1925,53029
1926,78622
1927,72551
1928,78827
1929,74147
1930,68956
1931,69975
1932,43352
1933,58303
1934,76440
1935,63773
1936,55925
1937,60932
1938,77403
1939,62332
1940,35583
1941,48577
1942,52471
1943,70149
1944,75513
1945,71988
1946,45992
1947,80467
1948,45718
1949,62507
1950,45777
1951,48688
1952,45715
1953,52326
1954,47193
1955,47958
1956,45832
1957,38655
1958,65112
1959,62177
1960,44693
1961,55231
1962,42591
1963,68565
1964,53196
1965,48278
1966,75411
1967,52036
1968,43611
1969,69198
1970,68813
1971,49438
1972,79425
1973,59111
1974,56661
1975,61952
1976,60668
1977,35616
1978,46970
1979,55695
1980,49904
1981,72186
1982,50729
1983,43796
1984,34933
1985,46910
1986,68935
1987,45497
1988,36365
1989,66709
1990,67592
1991,46991
1992,56578
1993,55744
1994,56691
1995,62857
1996,60291
1997,36106
1998,69496
1999,36007
2000,50854
2001,56906
2002,52633
2003,65159
2004,46613
2005,69182
2006,61161
2007,56909
2008,37614
2009,64373
2010,40490
2011,72218
2012,63670
2013,49366
2014,79104
2015,66730
2016,63415
2017,62001
2018,55423
2019,49450
2020,63481
2021,75055
2022,48995
2023,43730
2024,70536
2025,71422
2026,59350
2027,73630
2028,40274
2029,53723
2030,49785
2031,49871
2032,37393
2033,66858
2034,57860
2035,37049
2036,70449
2037,57226
2038,40698
2039,39227
2040,51356
2041,78220
2042,50271
2043,70401
2044,50285
2045,70914
2046,42067
2047,52163
2048,49556
2049,73413
2050,78677
2051,61943
2052,45807
2053,73874
2054,38127
2055,79222
2056,45068
2057,50098
2058,36914
2059,39227
2060,38527
2061,69459
2062,62807
2063,36832
2064,50376
2065,44262
2066,55873
2067,46013
2068,71849
2069,76427
2070,57337
2071,41164
2072,54606
2073,72650
2074,71508
2075,69333
2076,57701
2077,72199
2078,78190
2079,44094
2080,66646
2081,68953
2082,56548
2083,63351
2084,58282
2085,52828
2086,53599
2087,77272
2088,53700
2089,74823
2090,74004
2091,34541
2092,57055
2093,70685
2094,59055
2095,54540
2096,54263
2097,80028
2098,71575
2099,50740
2100,51939
2101,46501
2102,77398
2103,63650
2104,72264
2105,55453
2106,48795
2107,51324
2108,51395
2109,41196
2110,54971
2111,44167
2112,65774
2113,38468
2114,43527
2115,64786
2116,70739
2117,56079
2118,46327
2119,61236
2120,70860
2121,63182
2122,55101
2123,71742
2124,51805
2125,54166
2126,52107
2127,38844
2128,42953
2129,53227
2130,57501
2131,39784
2132,64772
2133,69650
2134,51035
2135,41557
2136,64337
2137,68445
2138,54002
2139,71652
2140,38980
2141,55593
2142,64398
2143,53602
2144,59193
2145,58197
2146,55956
2147,57628
2148,50140
2149,77290
2150,50469
2151,51868
2152,47190
2153,55121
2154,53518
2155,69493
2156,77360
2157,55341
2158,44855
2159,50729
2160,55601
2161,67707
2162,75269
2163,80357
2164,42632
2165,79085
2166,51414
2167,57512
2168,42968
2169,53124
2170,68071
2171,40500
2172,67526
2173,62229
2174,74259
2175,58580
2176,79319
2177,67085
2178,39356
2179,40484
2180,40510
2181,36228
2182,65166
2183,52617
2184,34548
2185,70800
2186,70425
2187,68897
2188,41016
2189,58701
2190,38938
2191,60307
2192,49606
2193,51573
2194,63333
2195,51207
2196,55482
2197,71166
2198,46848
2199,71976
2200,58747
2201,38011
2202,66464
2203,48967
2204,46404
2205,63032
2206,51396
2207,54687
2208,48897
2209,38644
2210,39207
2211,57844
2212,67427
2213,56853
2214,54123
2215,50716
2216,46880
2217,38837
2218,64963
2219,51012
2220,74186
2221,36836
2222,62001
2223,64763
2224,66759
2225,48812
2226,58284
2227,75898
2228,37947
2229,43600
2230,37954
2231,65633
2232,63974
2233,42667
2234,53009
2235,39389
2236,65813
2237,49831
2238,44011
2239,68810
2240,57775
2241,73879
2242,39844
2243,70911
2244,55248
2245,37371
2246,79481
2247,67264
2248,41070
2249,70668
2250,35151
2251,59323
2252,72403
2253,55916
2254,70782
2255,72020
2256,45893
2257,62523
2258,37690
2259,44080
2260,44614
2261,78267
2262,70438
2263,42155
2264,42809
2265,52715
2266,39751
2267,44775
2268,48744
2269,40935
2270,68734
2271,43309
2272,73345
2273,79530
2274,59219
2275,75428
2276,59513
2277,76715
2278,60749
2279,46664
2280,74217
2281,72841
2282,43565
2283,69745
2284,41549
2285,73455
2286,79416
2287,37334
2288,61922
2289,73650
2290,40382
2291,55752
2292,68396
2293,74225
2294,44798
2295,76777
2296,52771
2297,52344
2298,59433
2299,36328
2300,72366
2301,53011
2302,62370
2303,70053
2304,59871
2305,65198
2306,68207
2307,42777
2308,47552
2309,38819
2310,62537
2311,75350
2312,53701
2313,68784
2314,46789
2315,65638
2316,59398
2317,73390
2318,43200
2319,75889
2320,54845
2321,78695
2322,51870
2323,74585
2324,37051
2325,72846
2326,70027
2327,48113
2328,41659
2329,57398
2330,46498
2331,65985
2332,72456
2333,63117
2334,70938
2335,37878
2336,41702
2337,45788
2338,47454
2339,50887
2340,39538
2341,47121
2342,68924
2343,46256
2344,60896
2345,38093
2346,47349
2347,68545
2348,63177
2349,36808
2350,44879
2351,51709
2352,71702
2353,64837
2354,73483
2355,51303
2356,43190
2357,65986
2358,49035
2359,53982
2360,69615
2361,45899
2362,54869
2363,69774
2364,79345
2365,45724
2366,54818
2367,34664
2368,43836
2369,47087
2370,42225
2371,45897
2372,76237
2373,34617
2374,45157
2375,62370
2376,46512
2377,78042
2378,65852
2379,61886
2380,64860
2381,66039
2382,68604
2383,46627
2384,48353
2385,44741
2386,53947
2387,76311
2388,65279
2389,54036
2390,69813
2391,67025
2392,59852
2393,66318
2394,65381
2395,76945
2396,79069
2397,54577
2398,67849
2399,42425
2400,35083
2401,47662
2402,71308
2403,75662
2404,42609
2405,72799
2406,65041
2407,47392
2408,66239
2409,67041
2410,35628
2411,69138
2412,39847
2413,74803
2414,37642
2415,68392
2416,62288
2417,72836
2418,35471
2419,69022
2420,56457
2421,62409
2422,43065
2423,38198
2424,41618
2425,48647
2426,39477
2427,70891
2428,60665
2429,73097
2430,61611
2431,68224
2432,58924
2433,44156
2434,66451
2435,53330
2436,78289
2437,72429
2438,35629
2439,45841
2440,59770
2441,48498
2442,50215
2443,64236
2444,77414
2445,48431
2446,41048
2447,48825
2448,58824
2449,80318
2450,70321
2451,41480
2452,53275
2453,78033
2454,74857
2455,64292
2456,41129
2457,39882
2458,55146
2459,59368
2460,68064
2461,63806
2462,50603
2463,42878
2464,57051
2465,70333
2466,75748
2467,35331
2468,64117
2469,76106
2470,68251
2471,63235
2472,48545
2473,80121
2474,42533
2475,52621
2476,62029
2477,43879
2478,70143
2479,71665
2480,77797
2481,74982
2482,69909
2483,78311
2484,36032
2485,51367
2486,77519
2487,79010
2488,53436
2489,69939
2490,61537
2491,72247
2492,44743
2493,62214
2494,65922
2495,38865
2496,53831
2497,56818
2498,80064
2499,73312
2500,76073
2501,76004
2502,43229
2503,71705
2504,70176
2505,68338
2506,59892
2507,56356
2508,56942
2509,37600
2510,68910
2511,40077
2512,60175
2513,65518
2514,68538
2515,73527
2516,38802
2517,57821
2518,73983
2519,63398
2520,76734
2521,62095
2522,54736
2523,54042
2524,63485
2525,65159
2526,65178
2527,76176
2528,42455
2529,66707
2530,58060
2531,34439
2532,43499
2533,35779
2534,79464
2535,69421
2536,53066
2537,44299
2538,75852
2539,78778
2540,59554
2541,51283
2542,35250
2543,66245
2544,56418
2545,49697
2546,40455
2547,65723
2548,59412
2549,69914
2550,50645
2551,36626
2552,45214
2553,70496
2554,39721
2555,51151
2556,63746
2557,54531
2558,66361
2559,49460
2560,41208
2561,74138
2562,65456
2563,74084
2564,78855
2565,51811
2566,39025
2567,70696
2568,77803
2569,39802
2570,58220
2571,47526
2572,45311
2573,78955
2574,68582
2575,46279
2576,78556
2577,64041
2578,40465
2579,53550
2580,71888
2581,78581
2582,75094
2583,80085
2584,70843
2585,51308
2586,62015
2587,37295
2588,35412
2589,63276
2590,71403
2591,76440
2592,40229
2593,67539
2594,50475
2595,49157
2596,73318
2597,41348
2598,73383
2599,76250
2600,55364
2601,35994
2602,66301
2603,72607
2604,61423
2605,64381
2606,67214
2607,79681
2608,47858
2609,69290
2610,53956
2611,66770
2612,67123
2613,74507
2614,43422
2615,37048
2616,51667
2617,55140
2618,53496
2619,40444
2620,71281
2621,75727
2622,79646
2623,64785
2624,61880
2625,67346
2626,73273
2627,53950
2628,80251
2629,62255
2630,74132
2631,70986
2632,70953
2633,56716
2634,58855
2635,79617
2636,58691
2637,51677
2638,73371
2639,38887
2640,75683
2641,79369
2642,51483
2643,55112
2644,60929
2645,48578
2646,62563
2647,44968
2648,50838
2649,66996
2650,35998
2651,42177
2652,67929
2653,67771
2654,51350
2655,78478
2656,56889
2657,41026
2658,65269
2659,35367
2660,56725
2661,67447
2662,48038
2663,71749
2664,66068
2665,43765
2666,40971
2667,40949
2668,53634
2669,73857
2670,79165
2671,57683
2672,35546
2673,48799
2674,68708
2675,56461
2676,76022
2677,48138
2678,80091
2679,78996
2680,79248
2681,41140
2682,64581
2683,68753
2684,61212
2685,59852
2686,52716
2687,62317
2688,39827
2689,74443
2690,72706
2691,57143
2692,45365
2693,38670
2694,69888
2695,53854
2696,59236
2697,39387
2698,57281
2699,36283
2700,40056
2701,73205
2702,63844
2703,37222
2704,50131
2705,78469
2706,43189
2707,65732
2708,42388
2709,37128
2710,53402
2711,48255
2712,71753
2713,76548
2714,53657
2715,38676
2716,66285
2717,78586
2718,54061
2719,80129
2720,46958
2721,36968
2722,59774
2723,47191
2724,56279
2725,65293
2726,66140
2727,63507
2728,38544
2729,79003
2730,77989
2731,63816
2732,48509
2733,70004
2734,65181
2735,76955
2736,38084
2737,46135
2738,70256
2739,44130
2740,46991
2741,62713
2742,40766
2743,54839
2744,70546
2745,51707
2746,73320
2747,59223
2748,76353
2749,60341
2750,45123
2751,53971
2752,52559
2753,50794
2754,78510
2755,73938
2756,68152
2757,37607
2758,41334
2759,65545
2760,52760
2761,53109
2762,38909
2763,53441
2764,75399
2765,69628
2766,43404
2767,75832
2768,53549
2769,51841
2770,48156
2771,54051
2772,64595
2773,60037
2774,39167
2775,51863
2776,36903
2777,57345
2778,38501
2779,78666
2780,80163
2781,71165
2782,50547
2783,41805
2784,63127
2785,67455
2786,50201
2787,74305
2788,66547
2789,50385
2790,71867
2791,34884
2792,77696
2793,73645
2794,76361
2795,59056
2796,49739
2797,57654
2798,52755
2799,44624
2800,59884
2801,48462
2802,35230
2803,41644
2804,70002
2805,59828
2806,62825
2807,60528
2808,76715
2809,35715
2810,69250
2811,75491
2812,78841
2813,55138
2814,54115
2815,72363
2816,42914
2817,49952
2818,76290
2819,73926
2820,50939
2821,36148
2822,67647
2823,38231
2824,34775
2825,39709
2826,42042
2827,48797
2828,64022
2829,57078
2830,78857
2831,58320
2832,40942
2833,34882
2834,68102
2835,63584
2836,67495
2837,50978
2838,62399
2839,54627
2840,49541
2841,80198
2842,51999
2843,40113
2844,69306
2845,63812
2846,58669
2847,52961
2848,57789
2849,78619
2850,58547
2851,54104
2852,52871
2853,63943
2854,78927
2855,36069
2856,75914
2857,44853
2858,71790
2859,41980
2860,58901
2861,55898
2862,74223
2863,47870
2864,58312
2865,67485
2866,69480
2867,45760
2868,76143
2869,40117
2870,41189
2871,63472
2872,61096
2873,65773
2874,60104
2875,68815
2876,55901
2877,57424
2878,55154
2879,79842
2880,50229
2881,79530
2882,47484
2883,76898
2884,46685
2885,78952
2886,62619
2887,45908
2888,53163
2889,74673
2890,46904
2891,53175
2892,70105
2893,55866
2894,64773
2895,71144
2896,59513
2897,67688
2898,36045
2899,47962
2900,59006
2901,35638
2902,49753
2903,52609
2904,59199
2905,55817
2906,39035
2907,46199
2908,56774
2909,70369
2910,74903
2911,66752
2912,41174
2913,72805
2914,73178
2915,57965
2916,41745
2917,56098
2918,48042
2919,77296
2920,52821
2921,62490
2922,65380
2923,73415
2924,56780
2925,66305
2926,62526
2927,75466
2928,71231
2929,47982
2930,78874
2931,71441
2932,72808
2933,62070
2934,43227
2935,59746
2936,62558
2937,44887
2938,36199
2939,49209
2940,63548
2941,70050
2942,53489
2943,38161
2944,66301
2945,39867
2946,60475
2947,44398
2948,57574
2949,80320
2950,39131
2951,54160
2952,56436
2953,53210
2954,49971
2955,65448
2956,76122
2957,41635
2958,49937
2959,47937
2960,75475
2961,38053
2962,53950
2963,48193
2964,46083
2965,58725
2966,57777
2967,55883
2968,57936
2969,52774
2970,51326
2971,54667
2972,77128
2973,38469
2974,43068
2975,44346
2976,55514
2977,51838
2978,47462
2979,43026
2980,49363
2981,68478
2982,75484
2983,64216
2984,42452
2985,50375
2986,37075
2987,77482
2988,59655
2989,63488
2990,55235
2991,56998
2992,59678
2993,77890
2994,35524
2995,75511
2996,50985
2997,65833
2998,69244
2999,69227
3000,36114
3001,79620
3002,61050
3003,78606
3004,79313
3005,57189
3006,48095
3007,48927
3008,36052
3009,45493
3010,36577
3011,34635
3012,45016
3013,80489
3014,59481
3015,60692
3016,57484
3017,47722
3018,73918
3019,42087
3020,51185
3021,45207
3022,72359
3023,42372
3024,42575
3025,63259
3026,54390
3027,59661
3028,36769
3029,70543
3030,66168
3031,67925
3032,79932
3033,36421
3034,67599
3035,46781
3036,36107
3037,59875
3038,39637
3039,74880
3040,72078
3041,48436
3042,62263
3043,61646
3044,74235
3045,74439
3046,42921
3047,57780
3048,54738
3049,35404
3050,55458
3051,63775
3052,67287
3053,52472
3054,75131
3055,55022
3056,49687
3057,72527
3058,68721
3059,67688
3060,56567
3061,41615
3062,68343
3063,73536
3064,47862
3065,39145
3066,50836
3067,36039
3068,65616
3069,65816
3070,62159
3071,50100
3072,38230
3073,57539
3074,35623
3075,66974
3076,37987
3077,69369
3078,75838
3079,36926
3080,50690
3081,39101
3082,45450
3083,52372
3084,38843
3085,66841
3086,46268
3087,38151
3088,35726
3089,76274
3090,41710
3091,72334
3092,37113
3093,80030
3094,62597
3095,52747
3096,78772
3097,66039
3098,58702
3099,36860
3100,78254
3101,71149
3102,49684
3103,73645
3104,60924
3105,59978
3106,56592
3107,59399
3108,43111
3109,69579
3110,42552
3111,41186
3112,53048
3113,44262
3114,60704
3115,73605
3116,75019
3117,58366
3118,73404
3119,40763
3120,73866
3121,35684
3122,39309
3123,51384
3124,58116
3125,44078
3126,46455
3127,59790
3128,52520
3129,63605
3130,73152
3131,41250
3132,78739
3133,72803
3134,77806
3135,55498
3136,47312
3137,47540
3138,76017
3139,41461
3140,35757
3141,66882
3142,48290
3143,42164
3144,48050
3145,68821
3146,65425
3147,68679
3148,58731
3149,67763
3150,51271
3151,50998
3152,68420
3153,51422
3154,43677
3155,43289
3156,61492
3157,59332
3158,48226
3159,60994
3160,54260
3161,37273
3162,37851
3163,36065
3164,61088
3165,69922
3166,51989
3167,69880
3168,47634
3169,61960
3170,73152
3171,77056
3172,47625
3173,55723
3174,36638
3175,50214
3176,66376
3177,77680
3178,58300
3179,65889
3180,58445
3181,66872
3182,70166
3183,45648
3184,55176
3185,66173
3186,80414
3187,47407
3188,72615
3189,69902
3190,43798
3191,48567
3192,76617
3193,56347
3194,65780
3195,41573
3196,78152
3197,57696
3198,44192
3199,63036
3200,76302
3201,59859
3202,76377
3203,60890
3204,75735
3205,74773
3206,68532
3207,48972
3208,52895
3209,76247
3210,43376
3211,59292
3212,46239
3213,78918
3214,68626
3215,58216
3216,56452
3217,78022
3218,41979
3219,43193
3220,62288
3221,43839
3222,49550
3223,39316
3224,44965
3225,35025
3226,79406
3227,78023
3228,40022
3229,40671
3230,37558
3231,70966
3232,64293
3233,38692
3234,72354
3235,70937
3236,39675
3237,73096
3238,79267
3239,53506
3240,41806
3241,53142
3242,53934
3243,50235
3244,60483
3245,78082
3246,45327
3247,39446
3248,58833
3249,40655
3250,51319
3251,52970
3252,49832
3253,49982
3254,46618
3255,60228
3256,54349
3257,74550
3258,35741
3259,36966
3260,43724
3261,57446
3262,59294
3263,68362
3264,35776
3265,79597
3266,39856
3267,74460
3268,79341
3269,51287
3270,62479
3271,70357
3272,60732
3273,52156
3274,76445
3275,51883
3276,41381
3277,54318
3278,45540
3279,47486
3280,38149
3281,40249
3282,69985
3283,41393
3284,57643
3285,35179
3286,64688
3287,54776
3288,59562
3289,39803
3290,64144
3291,51498
3292,66782
3293,42448
3294,80551
3295,40404
3296,57239
3297,62363
3298,73149
3299,40380
3300,67490
3301,69633
3302,65146
3303,71609
3304,65889
3305,37081
3306,72642
3307,57679
3308,51151
3309,80293
3310,75004
3311,58935
3312,65270
3313,77290
3314,44851
3315,40567
3316,55721
3317,46375
3318,75843
3319,41161
3320,70359
3321,73831
3322,58298
3323,75366
3324,62641
3325,42043
3326,63374
3327,44400
3328,46872
3329,45395
3330,50267
3331,51109
3332,43623
3333,78939
3334,37258
3335,66097
3336,75359
3337,69004
3338,61535
3339,73785
3340,66159
3341,54089
3342,54615
3343,38057
3344,51001
3345,63608
3346,69124
3347,78430
3348,55357
3349,48053
3350,42693
3351,74062
3352,65388
3353,55133
3354,36939
3355,77437
3356,55080
3357,62089
3358,73512
3359,51326
3360,52442
3361,65905
3362,64789
3363,52587
3364,45497
3365,52897
3366,61061
3367,68383
3368,54458
3369,45681
3370,67811
3371,58795
3372,51280
3373,43235
3374,62014
3375,44215
3376,64290
3377,67818
3378,40522
3379,47331
3380,57810
3381,45425
3382,44360
3383,41238
3384,64990
3385,49412
3386,36504
3387,42762
3388,48742
3389,51173
3390,70561
3391,49249
3392,63813
3393,56681
3394,47459
3395,72132
3396,40435
3397,49609
3398,72238
3399,61168
3400,65590
3401,57134
3402,39051
3403,65315
3404,78941
3405,41722
3406,37692
3407,70110
3408,77740
3409,51714
3410,78776
3411,47159
3412,75070
3413,39634
3414,73144
3415,79838
3416,74082
3417,47884
3418,44725
3419,47197
3420,79290
3421,68566
3422,43667
3423,72989
3424,62880
3425,68255
3426,37088
3427,57670
3428,50350
3429,56998
3430,68249
3431,55738
3432,46363
3433,64380
3434,59216
3435,64648
3436,38422
3437,47435
3438,44431
3439,39981
3440,51125
3441,75229
3442,56674
3443,38406
3444,75084
3445,35359
3446,75574
3447,69290
3448,76679
3449,70628
3450,57092
3451,78649
3452,44466
3453,48083
3454,76399
3455,38887
3456,77519
3457,48190
3458,35665
3459,35473
3460,53244
3461,42844
3462,35136
3463,42539
3464,60537
3465,72412
3466,61684
3467,52591
3468,41074
3469,60574
3470,60715
3471,75238
3472,54960
3473,66802
3474,53754
3475,77567
3476,57956
3477,63377
3478,67434
3479,37960
3480,80216
3481,66711
3482,44336
3483,36189
3484,44895
3485,65668
3486,48551
3487,63144
3488,62502
3489,50758
3490,41059
3491,67163
3492,47591
3493,38863
3494,48259
3495,53107
3496,40965
3497,43681
3498,43639
3499,51253
3500,77361
3501,77094
3502,64370
3503,42261
3504,63890
3505,64232
3506,35056
3507,36773
3508,39926
3509,40017
3510,71673
3511,35208
3512,50522
3513,45896
3514,59996
3515,46246
3516,56976
3517,64391
3518,41342
3519,76851
3520,61715
3521,52061
3522,71976
3523,78429
3524,65950
3525,40980
3526,37947
3527,38721
3528,50285
3529,38665
3530,37949
3531,36193
3532,37377
3533,39394
3534,55696
3535,39898
3536,54375
3537,68407
3538,34803
3539,56513
3540,60420
3541,58413
3542,56677
3543,38385
3544,65903
3545,53522
3546,34879
3547,42927
3548,67003
3549,51204
3550,44139
3551,47031
3552,65103
3553,60462
3554,35510
3555,35801
3556,39009
3557,54153
3558,77323
3559,68146
3560,74753
3561,73813
3562,38361
3563,52448
3564,64953
3565,36778
3566,76068
3567,54127
3568,75822
3569,69266
3570,68912
3571,59512
3572,75155
3573,34788
3574,55469
3575,64134
3576,68351
3577,34639
3578,79853
3579,64600
3580,36509
3581,68343
3582,44653
3583,42616
3584,45942
3585,56899
3586,41048
3587,38271
3588,76554
3589,66639
3590,64872
3591,38695
3592,61773
3593,72613
3594,79851
3595,54320
3596,65614
3597,78787
3598,53203
3599,73032
3600,40266
3601,49437
3602,35896
3603,54803
3604,60819
3605,53718
3606,76404
3607,36884
3608,60648
3609,67596
3610,47008
3611,71677
3612,51543
3613,41562
3614,65362
3615,78984
3616,54635
3617,79752
3618,47557
3619,49006
3620,72317
3621,79181
3622,55721
3623,49973
3624,53468
3625,48497
3626,46651
3627,46183
3628,63236
3629,78070
3630,64691
3631,51756
3632,71524
3633,53859
3634,48747
3635,46092
3636,35483
3637,76278
3638,72496
3639,76714
3640,75509
3641,64106
3642,53836
3643,50348
3644,38922
3645,65957
3646,53811
3647,73995
3648,38533
3649,61424
3650,51165
3651,56227
3652,52037
3653,70024
3654,36747
3655,55776
3656,45432
3657,36936
3658,76023
3659,65934
3660,49539
3661,59583
3662,75566
3663,46372
3664,47790
3665,70198
3666,72802
3667,45717
3668,75307
3669,43795
3670,67308
3671,78840
3672,34885
3673,73376
3674,61476
3675,62219
3676,60327
3677,47418
3678,50744
3679,46305
3680,37289
3681,47360
3682,73411
3683,67091
3684,65109
3685,77548
3686,45276
3687,58943
3688,73507
3689,76627
3690,77097
3691,51730
3692,47619
3693,54153
3694,71942
3695,62548
3696,68136
3697,72646
3698,80666
3699,44279
3700,55540
3701,55450
3702,68602
3703,44128
3704,42645
3705,57095
3706,35558
3707,63062
3708,69637
3709,73397
3710,37174
3711,38096
3712,76611
3713,47185
3714,74526
3715,56690
3716,47759
3717,45831
3718,56514
3719,77432
3720,40779
3721,77974
3722,37257
3723,49447
3724,64887
3725,64552
3726,75873
3727,56341
3728,78272
3729,76204
3730,55372
3731,56231
3732,65751
3733,60663
3734,74278
3735,79877
3736,36962
3737,44327
3738,60517
3739,74094
3740,52576
3741,52765
3742,68743
3743,79296
3744,36942
3745,39261
3746,50013
3747,44332
3748,35569
3749,74743
3750,36020
3751,56804
3752,58741
3753,46727
3754,42275
3755,41707
3756,70159
3757,36789
3758,72496
3759,66760
3760,48280
3761,61497
3762,44246
3763,52126
3764,73890
3765,70330
3766,57880
3767,79714
3768,79061
3769,35607
3770,49301
3771,50635
3772,56050
3773,74825
3774,67956
3775,52103
3776,39037
3777,77638
3778,45229
3779,65920
3780,75558
3781,39566
3782,66259
3783,56625
3784,63522
3785,38616
3786,38820
3787,58983
3788,76493
3789,75297
3790,40700
3791,53815
3792,73468
3793,55064
3794,63303
3795,66829
3796,50892
3797,59736
3798,36909
3799,57329
3800,74365
3801,43912
3802,56911
3803,37158
3804,58648
3805,51458
3806,67302
3807,38763
3808,42460
3809,46242
3810,40142
3811,46538
3812,48609
3813,48685
3814,70546
3815,78898
3816,47661
3817,54895
3818,55993
3819,53732
3820,45146
3821,80235
3822,48510
3823,54631
3824,53720
3825,76751
3826,58642
3827,56210
3828,62277
3829,75032
3830,75151
3831,62356
3832,64263
3833,53540
3834,36021
3835,53584
3836,54603
3837,35547
3838,42279
3839,76377
3840,74433
3841,52351
3842,39965
3843,35192
3844,74165
3845,35244
3846,43084
3847,64289
3848,71021
3849,67580
3850,78179
3851,74144
3852,63309
3853,69889
3854,61741
3855,78768
3856,53279
3857,47745
3858,38352
3859,66661
3860,76487
3861,62640
3862,77313
3863,67731
3864,41676
3865,65295
3866,72999
3867,36851
3868,61664
3869,36236
3870,68694
3871,40604
3872,43053
3873,74684
3874,46206
3875,72577
3876,68595
3877,66460
3878,58867
3879,59856
3880,37910
3881,36633
3882,48823
3883,67864
3884,61704
3885,68822
3886,52478
3887,64284
3888,74360
3889,42073
3890,60515
3891,49255
3892,42352
3893,48077
3894,60988
3895,69880
3896,53872
3897,49087
3898,66275
3899,77552
3900,76888
3901,71824
3902,67583
3903,52570
3904,55395
3905,63230
3906,80430
3907,47080
3908,43246
3909,54618
3910,55638
3911,47110
3912,40951
3913,49378
3914,37717
3915,78071
3916,48852
3917,56762
3918,35578
3919,46882
3920,48832
3921,69878
3922,45793
3923,53304
3924,61683
3925,73210
3926,61307
3927,71538
3928,55665
3929,51928
3930,78956
3931,65176
3932,35705
3933,66629
3934,69065
3935,46375
3936,50571
3937,65013
3938,38583
3939,56488
3940,67888
3941,45705
3942,79659
3943,39726
3944,74164
3945,76775
3946,53503
3947,54526
3948,38187
3949,52237
3950,66679
3951,53530
3952,60542
3953,65412
3954,75938
3955,78149
3956,64885
3957,46372
3958,77075
3959,53353
3960,59523
3961,73017
3962,42308
3963,66893
3964,63256
3965,34792
3966,73242
3967,34735
3968,36733
3969,36836
3970,44862
3971,70188
3972,56905
3973,34473
3974,68619
3975,60082
3976,46564
3977,52573
3978,64698
3979,42029
3980,46270
3981,50339
3982,70096
3983,76428
3984,46060
3985,60413
3986,79547
3987,34922
3988,63226
3989,62705
3990,75012
3991,47984
3992,48447
3993,65521
3994,78017
3995,73795
3996,56118
3997,42065
3998,75659
3999,51410
4000,35163
4001,37331
4002,56935
4003,36383
4004,49920
4005,63810
4006,67585
4007,43095
4008,64329
4009,76502
4010,44750
4011,61330
4012,46964
4013,41868
4014,64858
4015,45297
4016,48581
4017,74619
4018,78020
4019,34419
4020,71376
4021,50568
4022,56274
4023,49104
4024,57473
4025,67238
4026,49637
4027,56293
4028,46921
4029,68132
4030,49669
4031,34518
4032,72063
4033,38304
4034,67040
4035,77036
4036,55660
4037,80228
4038,46636
4039,75493
4040,75886
4041,73961
4042,63131
4043,45853
4044,57599
4045,41949
4046,40361
4047,41051
4048,43900
4049,64099
4050,46882
4051,43380
4052,51120
4053,45633
4054,54543
4055,40975
4056,63280
4057,39220
4058,71554
4059,34903
4060,69046
4061,41189
4062,77549
4063,67862
4064,55744
4065,44230
4066,45495
4067,37549
4068,71819
4069,61067
4070,58000
4071,67648
4072,70200
4073,65481
4074,51305
4075,44463
4076,43897
4077,77070
4078,38562
4079,46259
4080,47418
4081,50547
4082,45316
4083,67203
4084,63519
4085,61768
4086,38262
4087,41475
4088,61771
4089,66789
4090,53794
4091,54111
4092,79577
4093,48748
4094,38919
4095,68851
4096,41201
4097,69134
4098,34412
4099,63913
4100,70456
4101,39373
4102,77931
4103,57006
4104,60860
4105,46050
4106,37621
4107,73934
4108,78282
4109,47992
4110,63296
4111,72429
4112,35972
4113,44648
4114,47181
4115,37738
4116,38383
4117,55278
4118,71778
4119,73627
4120,78228
4121,61655
4122,46572
4123,39087
4124,51616
4125,44999
4126,48148
4127,72517
4128,44625
4129,73591
4130,61745
4131,68075
4132,46658
4133,63574
4134,77565
4135,38490
4136,38074
4137,79676
4138,45431
4139,64341
4140,60211
4141,55285
4142,64623
4143,64806
4144,62876
4145,71500
4146,65155
4147,79344
4148,35178
4149,42487
4150,47361
4151,54972
4152,62922
4153,79169
4154,75769
4155,53467
4156,72424
4157,75482
4158,37806
4159,71000
4160,74826
4161,58875
4162,44644
4163,64610
4164,65003
4165,45560
4166,72861
4167,35372
4168,57835
4169,73562
4170,61101
4171,59133
4172,74262
4173,75130
4174,34814
4175,63475
4176,69977
4177,74420
4178,61765
4179,66045
4180,65227
4181,66873
4182,68694
4183,61758
4184,45900
4185,74080
4186,53152
4187,72482
4188,72965
4189,56718
4190,64096
4191,41917
4192,60894
4193,64132
4194,71093
4195,69745
4196,40679
4197,68708
4198,72693
4199,53766
4200,40919
4201,37295
4202,36383
4203,63411
4204,36775
4205,40743
4206,44012
4207,50506
4208,70828
4209,41860
4210,59278
4211,55292
4212,49617
4213,60024
4214,56509
4215,43496
4216,37812
4217,54091
4218,38333
4219,60765
4220,58537
4221,43966
4222,75380
4223,73003
4224,66786
4225,53391
4226,59833
4227,43362
4228,71265
4229,51967
4230,46351
4231,39718
4232,45100
4233,58442
4234,61253
4235,73759
4236,53664
4237,40521
4238,44484
4239,47903
4240,76201
4241,63016
4242,78561
4243,45750
4244,56646
4245,44455
4246,37553
4247,78372
4248,71575
4249,61475
4250,76928
4251,65029
4252,39825
4253,66983
4254,68319
4255,45766
4256,42665
4257,63316
4258,57087
4259,57537
4260,76875
4261,69767
4262,44497
4263,72239
4264,61409
4265,79240
4266,36441
4267,35196
4268,43889
4269,62710
4270,78780
4271,69422
4272,62964
4273,78353
4274,55686
4275,48142
4276,53291
4277,66842
4278,37609
4279,77368
4280,69901
4281,68737
4282,61457
4283,50119
4284,74270
4285,62134
4286,71892
4287,39142
4288,74239
4289,70474
4290,71609
4291,57052
4292,77314
4293,45321
4294,53484
4295,53873
4296,68789
4297,71458
4298,66297
4299,78463
4300,55114
4301,65596
4302,61508
4303,78886
4304,57277
4305,35890
4306,62979
4307,75626
4308,79744
4309,80221
4310,74063
4311,72696
4312,49845
4313,53496
4314,69845
4315,57638
4316,39909
4317,53844
4318,69700
4319,70845
4320,78592
4321,36366
4322,48247
4323,80269
4324,64544
4325,74348
4326,57805
4327,76439
4328,61386
4329,78395
4330,71196
4331,49088
4332,48376
4333,57099
4334,60398
4335,46402
4336,54828
4337,58135
4338,68167
4339,61811
4340,48070
4341,49289
4342,72987
4343,49367
4344,78796
4345,71552
4346,45050
4347,60340
4348,43219
4349,58109
4350,64490
4351,43536
4352,61138
4353,71631
4354,66025
4355,61267
4356,68536
4357,49339
4358,39513
4359,50810
4360,70931
4361,71900
4362,63776
4363,68142
4364,77797
4365,47793
4366,42454
4367,41739
4368,53881
4369,44870
4370,49772
4371,69809
4372,42957
4373,48199
4374,58311
4375,47380
4376,72362
4377,78385
4378,69152
4379,71879
4380,78902
4381,72604
4382,58031
4383,64043
4384,76303
4385,62542
4386,38060
4387,54066
4388,66302
4389,73760
4390,67277
4391,64933
4392,42219
4393,52538
4394,49326
4395,35837
4396,70880
4397,71746
4398,61408
4399,57997
4400,40338
4401,36436
4402,62918
4403,41713
4404,64043
4405,56923
4406,59113
4407,35923
4408,50689
4409,50843
4410,47679
4411,69833
4412,41413
4413,37058
4414,70752
4415,67230
4416,37758
4417,69107
4418,53453
4419,53683
4420,51052
4421,45981
4422,38232
4423,45382
4424,56879
4425,59260
4426,65363
4427,64327
4428,57552
4429,62385
4430,72464
4431,49902
4432,72369
4433,55859
4434,59918
4435,44821
4436,38756
4437,75733
4438,68926
4439,67262
4440,42045
4441,74046
4442,39973
4443,72617
4444,53088
4445,43572
4446,63994
4447,51958
4448,36976
4449,51261
4450,74713
4451,74537
4452,79693
4453,74271
4454,67469
4455,66631
4456,42578
4457,39565
4458,50844
4459,50230
4460,61105
4461,55608
4462,60382
4463,71515
4464,56240
4465,43191
4466,65682
4467,41597
4468,43896
4469,77878
4470,42968
4471,52164
4472,73042
4473,44843
4474,79347
4475,63826
4476,55451
4477,35968
4478,45685
4479,55878
4480,49730
4481,36538
4482,38004
4483,73711
4484,69958
4485,74342
4486,43386
4487,46479
4488,40819
4489,53196
4490,38488
4491,49549
4492,43906
4493,40773
4494,75717
4495,42500
4496,35365
4497,45496
4498,51326
4499,37442
4500,34608
4501,65497
4502,60478
4503,73562
4504,80060
4505,49147
4506,51999
4507,60742
4508,63875
4509,79659
4510,70597
4511,57402
4512,40419
4513,47050
4514,77300
4515,70893
4516,53435
4517,79497
4518,44216
4519,61567
4520,79299
4521,78469
4522,72168
4523,66630
4524,45134
4525,44280
4526,49164
4527,62879
4528,41394
4529,41370
4530,70591
4531,44578
4532,62182
4533,47506
4534,73296
4535,57342
4536,50727
4537,70142
4538,40225
4539,51376
4540,34991
4541,36456
4542,51754
4543,60821
4544,62537
4545,46636
4546,73010
4547,51368
4548,54985
4549,65498
4550,70998
4551,73196
4552,35126
4553,80267
4554,80045
4555,44244
4556,78478
4557,73512
4558,76225
4559,39243
4560,51904
4561,62390
4562,54024
4563,49091
4564,55998
4565,75701
4566,70117
4567,55893
4568,47829
4569,65283
4570,65565
4571,49267
4572,42797
4573,40271
4574,38722
4575,47216
4576,68071
4577,41873
4578,54953
4579,64646
4580,57279
4581,34604
4582,69056
4583,66668
4584,77138
4585,50560
4586,62335
4587,38865
4588,37043
4589,77692
4590,57127
4591,60541
4592,63842
4593,77193
4594,51595
4595,43140
4596,37719
4597,57323
4598,46440
4599,46975
4600,56529
4601,61892
4602,38878
4603,42896
4604,65319
4605,46041
4606,74553
4607,72739
4608,48274
4609,43324
4610,65558
4611,58469
4612,55437
4613,35641
4614,57585
4615,55334
4616,59813
4617,43181
4618,63493
4619,63162
4620,43345
4621,79665
4622,68277
4623,35251
4624,57393
4625,71850
4626,64743
4627,51455
4628,56890
4629,73457
4630,48218
4631,73861
4632,49190
4633,63452
4634,73801
4635,61180
4636,44566
4637,54563
4638,55943
4639,54980
4640,40687
4641,68290
4642,45338
4643,75372
4644,67857
4645,34604
4646,77764
4647,46637
4648,48150
4649,41844
4650,50429
4651,48894
4652,43476
4653,62544
4654,44150
4655,46138
4656,56566
4657,71519
4658,75054
4659,72299
4660,54603
4661,66335
4662,41912
4663,50475
4664,43959
4665,48421
4666,55846
4667,50218
4668,76665
4669,39828
4670,49295
4671,45532
4672,34882
4673,37814
4674,67866
4675,54217
4676,75547
4677,35852
4678,67254
4679,73227
4680,73901
4681,47846
4682,44590
4683,65624
4684,45977
4685,79663
4686,77589
4687,76803
4688,65269
4689,59987
4690,75389
4691,76827
4692,60400
4693,44437
4694,35669
4695,56745
4696,56866
4697,70183
4698,70905
4699,78819
4700,75511
4701,35071
4702,42931
4703,78136
4704,70424
4705,54159
4706,66339
4707,73130
4708,63353
4709,77092
4710,37353
4711,68126
4712,67176
4713,35161
4714,42711
4715,37433
4716,51438
4717,50891
4718,47381
4719,78624
4720,79292
4721,54663
4722,64324
4723,34684
4724,67947
4725,59694
4726,47744
4727,34731
4728,39434
4729,45460
4730,77067
4731,47359
4732,66191
4733,75026
4734,76060
4735,79099
4736,54393
4737,35639
4738,45220
4739,68342
4740,42585
4741,61463
4742,36491
4743,67964
4744,45604
4745,56643
4746,62873
4747,47706
4748,68415
4749,48083
4750,62996
4751,66498
4752,36801
4753,75923
4754,78776
4755,59230
4756,74799
4757,67268
4758,38788
4759,75490
4760,67086
4761,35889
4762,73593
4763,36559
4764,56403
4765,39908
4766,67100
4767,77109
4768,64758
4769,68937
4770,51861
4771,59694
4772,64229
4773,65624
4774,74384
4775,75653
4776,34978
4777,44509
4778,39923
4779,38874
4780,77663
4781,37255
4782,35628
4783,61397
4784,63206
4785,34764
4786,70714
4787,43661
4788,66458
4789,43360
4790,53088
4791,51879
4792,51028
4793,78624
4794,39580
4795,62925
4796,34641
4797,36921
4798,41733
4799,63373
4800,37660
4801,57118
4802,40311
4803,66336
4804,46772
4805,65645
4806,48617
4807,43638
4808,38332
4809,62194
4810,35628
4811,71080
4812,42686
4813,69445
4814,62327
4815,48826
4816,41129
4817,61904
4818,50644
4819,72359
4820,76965
4821,59418
4822,68493
4823,75492
4824,71388
4825,39827
4826,50167
4827,79662
4828,55066
4829,61915
4830,79921
4831,39590
4832,54070
4833,42542
4834,47138
4835,75747
4836,79424
4837,66612
4838,52505
4839,46769
4840,40481
4841,69541
4842,51219
4843,55054
4844,68484
4845,75411
4846,57148
4847,76104
4848,54312
4849,66838
4850,68842
4851,79026
4852,62946
4853,72345
4854,72957
4855,44067
4856,36398
4857,77232
4858,68284
4859,66414
4860,59698
4861,40359
4862,65842
4863,51069
4864,67254
4865,41052
4866,36427
4867,57386
4868,67433
4869,63600
4870,60909
4871,74348
4872,56558
4873,50176
4874,53747
4875,65023
4876,63733
4877,61134
4878,70787
4879,77827
4880,60862
4881,41293
4882,73859
4883,48424
4884,54652
4885,67001
4886,56939
4887,62490
4888,67512
4889,56576
4890,50559
4891,35557
4892,48744
4893,55615
4894,64804
4895,65706
4896,45097
4897,60087
4898,75658
4899,50071
4900,37844
4901,56238
4902,80334
4903,68830
4904,75952
4905,66591
4906,61155
4907,73571
4908,73492
4909,66322
4910,73157
4911,71648
4912,60192
4913,43480
4914,40759
4915,49497
4916,57888
4917,70826
4918,54528
4919,77038
4920,77178
4921,65559
4922,39540
4923,74810
4924,60244
4925,60914
4926,49553
4927,52349
4928,42015
4929,75973
4930,76782
4931,76764
4932,40859
4933,43845
4934,41716
4935,45551
4936,79033
4937,45296
4938,72763
4939,67619
4940,56694
4941,43625
4942,36296
4943,52825
4944,35278
4945,53162
4946,35848
4947,74523
4948,44696
4949,55318
4950,72155
4951,54955
4952,75738
4953,64216
4954,41594
4955,47603
4956,47833
4957,62528
4958,75244
4959,74485
4960,68230
4961,46124
4962,59818
4963,54992
4964,72908
4965,62115
4966,54718
4967,61499
4968,59893
4969,54474
4970,74164
4971,37687
4972,73202
4973,58708
4974,35876
4975,34878
4976,54925
4977,72562
4978,70580
4979,72986
4980,78661
4981,40619
4982,72834
4983,62932
4984,35829
4985,64847
4986,43699
4987,41810
4988,46223
4989,76562
4990,48881
4991,72068
4992,59321
4993,43452
4994,62794
4995,77483
4996,38056
4997,55253
4998,64972
4999,60992
5000,37258
5001,73614
5002,42301
5003,59934
5004,63793
5005,65095
5006,51649
5007,39216
5008,42511
5009,76251
5010,55811
5011,68100
5012,59627
5013,45002
5014,70900
5015,59318
5016,76337
5017,70272
5018,42942
5019,41664
5020,53310
5021,40291
5022,71919
5023,74086
5024,38268
5025,73296
5026,46201
5027,67502
5028,58143
5029,63872
5030,53256
5031,38054
5032,60965
5033,48935
5034,79001
5035,73253
5036,56297
5037,36781
5038,68883
5039,74409
5040,69167
5041,52076
5042,78459
5043,34932
5044,53603
5045,40032
5046,44786
5047,60320
5048,68181
5049,76774
5050,75404
5051,76607
5052,39755
5053,67043
5054,67886
5055,44568
5056,46731
5057,46256
5058,73989
5059,57734
5060,36767
5061,46287
5062,47687
5063,74496
5064,77945
5065,64953
5066,68892
5067,48307
5068,72882
5069,49751
5070,45027
5071,74698
5072,66864
5073,35676
5074,49890
5075,78544
5076,54967
5077,41945
5078,39443
5079,58212
5080,53723
5081,52754
5082,53808
5083,53822
5084,40460
5085,49193
5086,48364
5087,41317
5088,50439
5089,70575
5090,54785
5091,67417
5092,72209
5093,69108
5094,57937
5095,79084
5096,72714
5097,39119
5098,51934
5099,80153
5100,59638
5101,56744
5102,59049
5103,37660
5104,74693
5105,78418
5106,69568
5107,55524
5108,58825
5109,65161
5110,43355
5111,41493
5112,76488
5113,67785
5114,55473
5115,48569
5116,46541
5117,62897
5118,72602
5119,46901
5120,36496
5121,58969
5122,47000
5123,61548
5124,65406
5125,36872
5126,36248
5127,52893
5128,76261
5129,52880
5130,41404
5131,62207
5132,79581
5133,80117
5134,37628
5135,44276
5136,40216
5137,59347
5138,43626
5139,76290
5140,70203
5141,57128
5142,38507
5143,74404
5144,66647
5145,74320
5146,42583
5147,53640
5148,69867
5149,77893
5150,79038
5151,52746
5152,46571
5153,43881
5154,57146
5155,50493
5156,46373
5157,72069
5158,71795
5159,77607
5160,61305
5161,59961
5162,75070
5163,73672
5164,71930
5165,66812
5166,66903
5167,49831
5168,73491
5169,66983
5170,52151
5171,41787
5172,41506
5173,62200
5174,41652
5175,48906
5176,75872
5177,76136
5178,41542
5179,56114
5180,46841
5181,59817
5182,47642
5183,55630
5184,76649
5185,43045
5186,49513
5187,70559
5188,68037
5189,64470
5190,53776
5191,61196
5192,42628
5193,51404
5194,46135
5195,49161
5196,49982
5197,67772
5198,55313
5199,79875
5200,48095
5201,71855
5202,58421
5203,51624
5204,67608
5205,62407
5206,45543
5207,76513
5208,58905
5209,73364
5210,52399
5211,57089
5212,76605
5213,49409
5214,76928
5215,63452
5216,58752
5217,40755
5218,37237
5219,54316
5220,57146
5221,44347
5222,38083
5223,59575
5224,71953
5225,48826
5226,50900
5227,58601
5228,58832
5229,43371
5230,72198
5231,68586
5232,50826
5233,40889
5234,65692
5235,45821
5236,58183
5237,63000
5238,49811
5239,50998
5240,46242
5241,44846
5242,74969
5243,65901
5244,65293
5245,51850
5246,36935
5247,43175
5248,40760
5249,54365
5250,40939
5251,53439
5252,53890
5253,49165
5254,64185
5255,61956
5256,37370
5257,79523
5258,64430
5259,74070
5260,40780
5261,45615
5262,68114
5263,68140
5264,37218
5265,43537
5266,51185
5267,65288
5268,56024
5269,65738
5270,63866
5271,59083
5272,44429
5273,36157
5274,40748
5275,36761
5276,72519
5277,73152
5278,35769
5279,78658
5280,37481
5281,45496
5282,38085
5283,56346
5284,58757
5285,36819
5286,55904
5287,36289
5288,63308
5289,73634
5290,75916
5291,50580
5292,37673
5293,52351
5294,71899
5295,74070
5296,36623
5297,52381
5298,51765
5299,74996
5300,50534
5301,44283
5302,59963
5303,43976
5304,60565
5305,41557
5306,69512
5307,50762
5308,65041
5309,45465
5310,80249
5311,43886
5312,51396
5313,48229
5314,42272
5315,39164
5316,35139
5317,44644
5318,75716
5319,46421
5320,44573
5321,40224
5322,62406
5323,41657
5324,49723
5325,59731
5326,42298
5327,34757
5328,36333
5329,42249
5330,79879
5331,36768
5332,34992
5333,62973
5334,49275
5335,48870
5336,64815
5337,76576
5338,46126
5339,78723
5340,61893
5341,71403
5342,70862
5343,56981
5344,78124
5345,46769
5346,63977
5347,39845
5348,42389
5349,77107
5350,71852
5351,45615
5352,45629
5353,35330
5354,75414
5355,76223
5356,71253
5357,45428
5358,59049
5359,36712
5360,69436
5361,71242
5362,41961
5363,49060
5364,47987
5365,45936
5366,52150
5367,74925
5368,54902
5369,53823
5370,69465
5371,80222
5372,62737
5373,54827
5374,42956
5375,44475
5376,39551
5377,77391
5378,43197
5379,42149
5380,65953
5381,50097
5382,77170
5383,43962
5384,54585
5385,75870
5386,75722
5387,69053
5388,59588
5389,42246
5390,77519
5391,57996
5392,47812
5393,58730
5394,64802
5395,73462
5396,67880
5397,61388
5398,46048
5399,65405
5400,63064
5401,52368
5402,62469
5403,40553
5404,40587
5405,41041
5406,79580
5407,40642
5408,64082
5409,61377
5410,45504
5411,40526
5412,64045
5413,72364
5414,64181
5415,36435
5416,78154
5417,48179
5418,65858
5419,68891
5420,62255
5421,77521
5422,62997
5423,43982
5424,39396
5425,45007
5426,66574
5427,47805
5428,71111
5429,61003
5430,54200
5431,62855
5432,49742
5433,73488
5434,59987
5435,77485
5436,60336
5437,53075
5438,74961
5439,44734
5440,76754
5441,55471
5442,35609
5443,74155
5444,80180
5445,51751
5446,68294
5447,45792
5448,56704
5449,38229
5450,47314
5451,79609
5452,50084
5453,67509
5454,76610
5455,67093
5456,65452
5457,76200
5458,65672
5459,59916
5460,52207
5461,46011
5462,47687
5463,56304
5464,52515
5465,72698
5466,49234
5467,59746
5468,72481
5469,48774
5470,53712
5471,37666
5472,66474
5473,74559
5474,65555
5475,69412
5476,75860
5477,45063
5478,48242
5479,55610
5480,80387
5481,35655
5482,50904
5483,68276
5484,66502
5485,64455
5486,49445
5487,43987
5488,70504
5489,38432
5490,41200
5491,50466
5492,42734
5493,78348
5494,50917
5495,36394
5496,43518
5497,78046
5498,53379
5499,63484
5500,76760
5501,75542
5502,73453
5503,39238
5504,37246
5505,49097
5506,65140
5507,71991
5508,76304
5509,74576
5510,71035
5511,71030
5512,46463
5513,60134
5514,76050
5515,38883
5516,66747
5517,56642
5518,63706
5519,59316
5520,77635
5521,60293
5522,39292
5523,56158
5524,67164
5525,44008
5526,70489
5527,44765
5528,53721
5529,67093
5530,57693
5531,66620
5532,74210
5533,39306
5534,47341
5535,37978
5536,43065
5537,41114
5538,43137
5539,47355
5540,63833
5541,47272
5542,76259
5543,62762
5544,78969
5545,57081
5546,41978
5547,68086
5548,56743
5549,73055
5550,58486
5551,71894
5552,67108
5553,79550
5554,73386
5555,69488
5556,72488
5557,37256
5558,64799
5559,41279
5560,37879
5561,65306
5562,57778
5563,62281
5564,49901
5565,58287
5566,71295
5567,49778
5568,40926
5569,46448
5570,57935
5571,45365
5572,45474
5573,54260
5574,55935
5575,42434
5576,49895
5577,67485
5578,51109
5579,36773
5580,54186
5581,58934
5582,35639
5583,38064
5584,79193
5585,55206
5586,36854
5587,53773
5588,52880
5589,55133
5590,65303
5591,63810
5592,73833
5593,38836
5594,41178
5595,43794
5596,38405
5597,45836
5598,48095
5599,62904
5600,58403
5601,35608
5602,55020
5603,64520
5604,60832
5605,47130
5606,43871
5607,41719
5608,53913
5609,43913
5610,34749
5611,51728
5612,44213
5613,70184
5614,47496
5615,71787
5616,77894
5617,77884
5618,78897
5619,75182
5620,64806
5621,65105
5622,55924
5623,35458
5624,43084
5625,58530
5626,56789
5627,62094
5628,69251
5629,37639
5630,74059
5631,61437
5632,80540
5633,52018
5634,59648
5635,80618
5636,47778
5637,38130
5638,49611
5639,61363
5640,55777
5641,41853
5642,79379
5643,38763
5644,59383
5645,52416
5646,53271
5647,69452
5648,60487
5649,72496
5650,36424
5651,37024
5652,63310
5653,34981
5654,76874
5655,77644
5656,52711
5657,57528
5658,69871
5659,49663
5660,52171
5661,51308
5662,36397
5663,44414
5664,73735
5665,59717
5666,79199
5667,72500
5668,62348
5669,39339
5670,49752
5671,75612
5672,52194
5673,63008
5674,45073
5675,79657
5676,70754
5677,47543
5678,36956
5679,39082
5680,47351
5681,62124
5682,39265
5683,35854
5684,77942
5685,36302
5686,51965
5687,48402
5688,74325
5689,76215
5690,54178
5691,50420
5692,43866
5693,43429
5694,74533
5695,39154
5696,73643
5697,57110
5698,64159
5699,55718
5700,49716
5701,49985
5702,67532
5703,36389
5704,78696
5705,36650
5706,56244
5707,70462
5708,46756
5709,75368
5710,78098
5711,50208
5712,38470
5713,69774
5714,38323
5715,61299
5716,49980
5717,70520
5718,70741
5719,64220
5720,52848
5721,71382
5722,52005
5723,57960
5724,54804
5725,74199
5726,56680
5727,69974
5728,54430
5729,38506
5730,56571
5731,37989
5732,42818
5733,41777
5734,70546
5735,73104
5736,74816
5737,78122
5738,75064
5739,63445
5740,70511
5741,37694
5742,71306
5743,53046
5744,56079
5745,51830
5746,77458
5747,71978
5748,50171
5749,51390
5750,44458
5751,68795
5752,44350
5753,66687
5754,78323
5755,36652
5756,76107
5757,49815
5758,59679
5759,44466
5760,78025
5761,44333
5762,75047
5763,67903
5764,58175
5765,65053
5766,62024
5767,76403
5768,67455
5769,40313
5770,54799
5771,38882
5772,67007
5773,69849
5774,60511
5775,42442
5776,52257
5777,76823
5778,38919
5779,75242
5780,71482
5781,80094
5782,58124
5783,69708
5784,46069
5785,72685
5786,79299
5787,52626
5788,73403
5789,57739
5790,45766
5791,70005
5792,65845
5793,53070
5794,76658
5795,67998
5796,64366
5797,80212
5798,61047
5799,39469
5800,64270
5801,49223
5802,72325
5803,59387
5804,41431
5805,50194
5806,48108
5807,56334
5808,76734
5809,61040
5810,67650
5811,56172
5812,61444
5813,67887
5814,68400
5815,71488
5816,41087
5817,51007
5818,56846
5819,74011
5820,55250
5821,54975
5822,80591
5823,39139
5824,75936
5825,36151
5826,66238
5827,46084
5828,71121
5829,56760
5830,36719
5831,44593
5832,43177
5833,43189
5834,72104
5835,80103
5836,42319
5837,70259
5838,78167
5839,64643
5840,34998
5841,39623
5842,61669
5843,60057
5844,43463
5845,47749
5846,56490
5847,40963
5848,52013
5849,41823
5850,36751
5851,44555
5852,50075
5853,65011
5854,69858
5855,49414
5856,47457
5857,46908
5858,48394
5859,67207
5860,46944
5861,34978
5862,77507
5863,52957
5864,78692
5865,53441
5866,40815
5867,42593
5868,51148
5869,47944
5870,44350
5871,73607
5872,71159
5873,71114
5874,67124
5875,34703
5876,58331
5877,66278
5878,74813
5879,80029
5880,56633
5881,49713
5882,35813
5883,51957
5884,60632
5885,71113
5886,67282
5887,51633
5888,60301
5889,72622
5890,77321
5891,46606
5892,56909
5893,80635
5894,59977
5895,35956
5896,53853
5897,54795
5898,35465
5899,64929
5900,71349
5901,57571
5902,49970
5903,68044
5904,45214
5905,67329
5906,37289
5907,76446
5908,74136
5909,43495
5910,70936
5911,80390
5912,43569
5913,62946
5914,52943
5915,70805
5916,50280
5917,71603
5918,34902
5919,70664
5920,46824
5921,38297
5922,78368
5923,75274
5924,35346
5925,51688
5926,69441
5927,73158
5928,52766
5929,64665
5930,53654
5931,54882
5932,37603
5933,66932
5934,35085
5935,68925
5936,79120
5937,40705
5938,46335
5939,60605
5940,55513
5941,37028
5942,46676
5943,38635
5944,44750
5945,75586
5946,70962
5947,66321
5948,39917
5949,48588
5950,48694
5951,48122
5952,76977
5953,58441
5954,36938
5955,45551
5956,58350
5957,45939
5958,75131
5959,38986
5960,58892
5961,36995
5962,75259
5963,56390
5964,69568
5965,61636
5966,55946
5967,78023
5968,41428
5969,37154
5970,54698
5971,71495
5972,76753
5973,74236
5974,58334
5975,57708
5976,38823
5977,70755
5978,79993
5979,46536
5980,39546
5981,39857
5982,53181
5983,64669
5984,76892
5985,52016
5986,61321
5987,44657
5988,80263
5989,73209
5990,35035
5991,52737
5992,42833
5993,78643
5994,40173
5995,38622
5996,44546
5997,39707
5998,48395
5999,53169
6000,73180
6001,70583
6002,68510
6003,35531
6004,62969
6005,47794
6006,72532
6007,51711
6008,49213
6009,52179
6010,66461
6011,42586
6012,39208
6013,45140
6014,51695
6015,79939
6016,60359
6017,50798
6018,78185
6019,76388
6020,49794
6021,51634
6022,34592
6023,55554
6024,42098
6025,45058
6026,39028
6027,38515
6028,69357
6029,79740
6030,47757
6031,74140
6032,59154
6033,50123
6034,39061
6035,39623
6036,65311
6037,73365
6038,50915
6039,50883
6040,76567
6041,50582
6042,45623
6043,70156
6044,57382
6045,54452
6046,61722
6047,51759
6048,42503
6049,51330
6050,48066
6051,57472
6052,74250
6053,50918
6054,64586
6055,73307
6056,44666
6057,35619
6058,48486
6059,47603
6060,62310
6061,77915
6062,44081
6063,69322
6064,80217
6065,37589
6066,68027
6067,40538
6068,41764
6069,76729
6070,58384
6071,39597
6072,55442
6073,77796
6074,68715
6075,52814
6076,40626
6077,35391
6078,77911
6079,63969
6080,52190
6081,40101
6082,74193
6083,75378
6084,66279
6085,54056
6086,54656
6087,53130
6088,51829
6089,75116
6090,48004
6091,45577
6092,44184
6093,44199
6094,50966
6095,61127
6096,52393
6097,64107
6098,59450
6099,38346
6100,50999
6101,55466
6102,77063
6103,65025
6104,47775
6105,46137
6106,44163
6107,70670
6108,34807
6109,72067
6110,58367
6111,80338
6112,51963
6113,38955
6114,58256
6115,75506
6116,51530
6117,55196
6118,56635
6119,39596
6120,64706
6121,50877
6122,45856
6123,60831
6124,49118
6125,74026
6126,37574
6127,60205
6128,50424
6129,56062
6130,70938
6131,54321
6132,48709
6133,57312
6134,52280
6135,73216
6136,55014
6137,60007
6138,49870
6139,73903
6140,37304
6141,36195
6142,77144
6143,79704
6144,74821
6145,38796
6146,38029
6147,64720
6148,74299
6149,53920
6150,65537
6151,61467
6152,74021
6153,62561
6154,69521
6155,72417
6156,60383
6157,48645
6158,73185
6159,55728
6160,53254
6161,47621
6162,54164
6163,60953
6164,72498
6165,44912
6166,44371
6167,39518
6168,34912
6169,78240
6170,64757
6171,71839
6172,45812
6173,47062
6174,58580
6175,71399
6176,72992
6177,43514
6178,79749
6179,74661
6180,50618
6181,37718
6182,47807
6183,51401
6184,65712
6185,44231
6186,71656
6187,52862
6188,51442
6189,57430
6190,47205
6191,52413
6192,56982
6193,47524
6194,47195
6195,73128
6196,66356
6197,34682
6198,54021
6199,50306
6200,36119
6201,67482
6202,60429
6203,46508
6204,71921
6205,36547
6206,50909
6207,54867
6208,79014
6209,35422
6210,77021
6211,73901
6212,61920
6213,41762
6214,67958
6215,65545
6216,43023
6217,60148
6218,37033
6219,69393
6220,76456
6221,53978
6222,43824
6223,40822
6224,75459
6225,59935
6226,66460
6227,49277
6228,50683
6229,78829
6230,40403
6231,38894
6232,38055
6233,38114
6234,39064
6235,40566
6236,36903
6237,66931
6238,64240
6239,50533
6240,72075
6241,80190
6242,37657
6243,47760
6244,64506
6245,46423
6246,50559
6247,62828
6248,79721
6249,69824
6250,37634
6251,59858
6252,75771
6253,65784
6254,67818
6255,39888
6256,59972
6257,65488
6258,57719
6259,67321
6260,42069
6261,48452
6262,78099
6263,37575
6264,37622
6265,71123
6266,61130
6267,69291
6268,41414
6269,63041
6270,41306
6271,55549
6272,65459
6273,50723
6274,43716
6275,57324
6276,35104
6277,53677
6278,45804
6279,79728
6280,79966
6281,69647
6282,56076
6283,62900
6284,40676
6285,54764
6286,79953
6287,49011
6288,56141
6289,50480
6290,43947
6291,69961
6292,68702
6293,62568
6294,71340
6295,46579
6296,53088
6297,55014
6298,56802
6299,45192
6300,66554
6301,35048
6302,58489
6303,53776
6304,54085
6305,79155
6306,39904
6307,49350
6308,58068
6309,49043
6310,75128
6311,46927
6312,71894
6313,63307
6314,54987
6315,59225
6316,43666
6317,72621
6318,65785
6319,70203
6320,56618
6321,40009
6322,34874
6323,37808
6324,36903
6325,44734
6326,55511
6327,57896
6328,47101
6329,52272
6330,39891
6331,68664
6332,59113
6333,53933
6334,77067
6335,40450
6336,56483
6337,73137
6338,36816
6339,40293
6340,51646
6341,35024
6342,57105
6343,43803
6344,70268
6345,73839
6346,78192
6347,77558
6348,53780
6349,55769
6350,45781
6351,65683
6352,35711
6353,48575
6354,44958
6355,39291
6356,80411
6357,71404
6358,42112
6359,42574
6360,49309
6361,37357
6362,63015
6363,67903
6364,61050
6365,35889
6366,72889
6367,75414
6368,47301
6369,78043
6370,58224
6371,53976
6372,36189
6373,76801
6374,69190
6375,38294
6376,69433
6377,50223
6378,51129
6379,45530
6380,63677
6381,52359
6382,78266
6383,71768
6384,73196
6385,46566
6386,73112
6387,36201
6388,71385
6389,56438
6390,69415
6391,74677
6392,59142
6393,72170
6394,71213
6395,58050
6396,54772
6397,50356
6398,59424
6399,43485
6400,63957
6401,71374
6402,47698
6403,49698
6404,50718
6405,62730
6406,59366
6407,61589
6408,48465
6409,72985
6410,57646
6411,66207
6412,66057
6413,51422
6414,79027
6415,50086
6416,41381
6417,65878
6418,72957
6419,55956
6420,36507
6421,55219
6422,50969
6423,54437
6424,64471
6425,55691
6426,60820
6427,40946
6428,73885
6429,67596
6430,53078
6431,75500
6432,72884
6433,65816
6434,71408
6435,78619
6436,63835
6437,43983
6438,53442
6439,44203
6440,44423
6441,72113
6442,35932
6443,57793
6444,56254
6445,74387
6446,71852
6447,74586
6448,58310
6449,62708
6450,34603
6451,63024
6452,71701
6453,74509
6454,41271
6455,68689
6456,36829
6457,48312
6458,76247
6459,42754
6460,77642
6461,63604
6462,58876
6463,35855
6464,59065
6465,52890
6466,59529
6467,70167
6468,79280
6469,36216
6470,58654
6471,35484
6472,58767
6473,77909
6474,78266
6475,52098
6476,45274
6477,55286
6478,57102
6479,74640
6480,42057
6481,54196
6482,53645
6483,40742
6484,69807
6485,64963
6486,70929
6487,34543
6488,35295
6489,42576
6490,44290
6491,62460
6492,68841
6493,69106
6494,52110
6495,54462
6496,67741
6497,63659
6498,42261
6499,77639
6500,79312
6501,80350
6502,52008
6503,46141
6504,41686
6505,52501
6506,72892
6507,77371
6508,43119
6509,67258
6510,45932
6511,59663
6512,36860
6513,50135
6514,67469
6515,43108
6516,38582
6517,53572
6518,43575
6519,44460
6520,51811
6521,54247
6522,74369
6523,70057
6524,52573
6525,52200
6526,77636
6527,54357
6528,43558
6529,54186
6530,63584
6531,68460
6532,59374
6533,58482
6534,39369
6535,60185
6536,37867
6537,54982
6538,43462
6539,75389
6540,34726
6541,59343
6542,59072
6543,45056
6544,49889
6545,70220
6546,46522
6547,78163
6548,60493
6549,54539
6550,60253
6551,74171
6552,61310
6553,71905
6554,69656
6555,60840
6556,38700
6557,53502
6558,41167
6559,70652
6560,73033
6561,45381
6562,41617
6563,40770
6564,67956
6565,47765
6566,62790
6567,35652
6568,68893
6569,59318
6570,62733
6571,73980
6572,71865
6573,46717
6574,59401
6575,64403
6576,78808
6577,71482
6578,75753
6579,59584
6580,57759
6581,62088
6582,65600
6583,52381
6584,68540
6585,70420
6586,67648
6587,80069
6588,75597
6589,59957
6590,76772
6591,64679
6592,71558
6593,44810
6594,69572
6595,54400
6596,37457
6597,56786
6598,62245
6599,48163
6600,59451
6601,40466
6602,70842
6603,60956
6604,50902
6605,36224
6606,50242
6607,62305
6608,67498
6609,61765
6610,52295
6611,70404
6612,54274
6613,70145
6614,44861
6615,69798
6616,39146
6617,43811
6618,75131
6619,53927
6620,52246
6621,53855
6622,35821
6623,52935
6624,46129
6625,66503
6626,65539
6627,71677
6628,42088
6629,54639
6630,75044
6631,64563
6632,36889
6633,78491
6634,65527
6635,69473
6636,79403
6637,44955
6638,54360
6639,38803
6640,67533
6641,61450
6642,65250
6643,52361
6644,77488
6645,44492
6646,61179
6647,43174
6648,61564
6649,44458
6650,34590
6651,63089
6652,61833
6653,39507
6654,40311
6655,61888
6656,67909
6657,51458
6658,78126
6659,42919
6660,66462
6661,75871
6662,52985
6663,72190
6664,36264
6665,69667
6666,54759
6667,77837
6668,79577
6669,37896
6670,59748
6671,38782
6672,79695
6673,49025
6674,35976
6675,75685
6676,65487
6677,74639
6678,42585
6679,63665
6680,74999
6681,60664
6682,80225
6683,36533
6684,67887
6685,42149
6686,61096
6687,68013
6688,62667
6689,74005
6690,79008
6691,66206
6692,39642
6693,79410
6694,58367
6695,63581
6696,79819
6697,43306
6698,54261
6699,68650
6700,38935
6701,61964
6702,38260
6703,71901
6704,50892
6705,55939
6706,48672
6707,67221
6708,50094
6709,44921
6710,55628
6711,58781
6712,59211
6713,77231
6714,34542
6715,59689
6716,66165
6717,44451
6718,63731
6719,35028
6720,67719
6721,34924
6722,44787
6723,38662
6724,38116
6725,76573
6726,43889
6727,73205
6728,70505
6729,62988
6730,39370
6731,51828
6732,54042
6733,40399
6734,75398
6735,64220
6736,75486
6737,59015
6738,41730
6739,41824
6740,73821
6741,79234
6742,42487
6743,52246
6744,73883
6745,59696
6746,75930
6747,61096
6748,78011
6749,73506
6750,63904
6751,49145
6752,36425
6753,52546
6754,39896
6755,59633
6756,51427
6757,80184
6758,37610
6759,75234
6760,65682
6761,51419
6762,73707
6763,63961
6764,50274
6765,73308
6766,53086
6767,39099
6768,78853
6769,40797
6770,70948
6771,54401
6772,63495
6773,58127
6774,45576
6775,68436
6776,44645
6777,48116
6778,50440
6779,60156
6780,71500
6781,38952
6782,63602
6783,53673
6784,37017
6785,51374
6786,41525
6787,69315
6788,46298
6789,58626
6790,67040
6791,48387
6792,42099
6793,61840
6794,43912
6795,64719
6796,56865
6797,39708
6798,60416
6799,49451
6800,55539
6801,60113
6802,62056
6803,50183
6804,65827
6805,52379
6806,58524
6807,53598
6808,58610
6809,80396
6810,57483
6811,53311
6812,41425
6813,62998
6814,72971
6815,49017
6816,44843
6817,52883
6818,76327
6819,64526
6820,40710
6821,59211
6822,78525
6823,56596
6824,43499
6825,75137
6826,58200
6827,37245
6828,73108
6829,38977
6830,48205
6831,41638
6832,46147
6833,70273
6834,52114
6835,43464
6836,46575
6837,49368
6838,35373
6839,58679
6840,67126
6841,57225
6842,34833
6843,59569
6844,44091
6845,56361
6846,49558
6847,80457
6848,53055
6849,37776
6850,66653
6851,67814
6852,75732
6853,57711
6854,62567
6855,48341
6856,76942
6857,65912
6858,73738
6859,36636
6860,68939
6861,73946
6862,37804
6863,41452
6864,70607
6865,38159
6866,47298
6867,70911
6868,65688
6869,59636
6870,38695
6871,47239
6872,64232
6873,60545
6874,45474
6875,72460
6876,58744
6877,36521
6878,44741
6879,70381
6880,63724
6881,46982
6882,66380
6883,78136
6884,42623
6885,46339
6886,59890
6887,37366
6888,66378
6889,51490
6890,61119
6891,38444
6892,78936
6893,48058
6894,65012
6895,69280
6896,62090
6897,62207
6898,51431
6899,39915
6900,60360
6901,42167
6902,51752
6903,61546
6904,73352
6905,49141
6906,55853
6907,63095
6908,44098
6909,56300
6910,63698
6911,38076
6912,47918
6913,38569
6914,62520
6915,68523
6916,78817
6917,54779
6918,80331
6919,42798
6920,35576
6921,53892
6922,61798
6923,54208
6924,65204
6925,74445
6926,75214
6927,68312
6928,62887
6929,67117
6930,69153
6931,42640
6932,55182
6933,70886
6934,37957
6935,44828
6936,78417
6937,71392
6938,39547
6939,74888
6940,68943
6941,50001
6942,66139
6943,76856
6944,42088
6945,35863
6946,69218
6947,37211
6948,61969
6949,49498
6950,65373
6951,35797
6952,66794
6953,63085
6954,65613
6955,68977
6956,49871
6957,52618
6958,38099
6959,48189
6960,59599
6961,49186
6962,74676
6963,60487
6964,72868
6965,45713
6966,47193
6967,64667
6968,65748
6969,76293
6970,38778
6971,39091
6972,63747
6973,72730
6974,76736
6975,70757
6976,71665
6977,45730
6978,77094
6979,53607
6980,67248
6981,68562
6982,77414
6983,66333
6984,52659
6985,40691
6986,36083
6987,41933
6988,67994
6989,67843
6990,35357
6991,78413
6992,46070
6993,68873
6994,36270
6995,79390
6996,66476
6997,47838
6998,47473
6999,74938
7000,71270
7001,76262
7002,68804
7003,59695
7004,40038
7005,73253
7006,70312
7007,40754
7008,47255
7009,38980
7010,76318
7011,72872
7012,72941
7013,47647
7014,47655
7015,67279
7016,71463
7017,55513
7018,59367
7019,56218
7020,66124
7021,70844
7022,58353
7023,39399
7024,49615
7025,39437
7026,42940
7027,63044
7028,35160
7029,77554
7030,51980
7031,44550
7032,79936
7033,76208
7034,36578
7035,61574
7036,66983
7037,77584
7038,79142
7039,79774
7040,54547
7041,37823
7042,49798
7043,72691
7044,64942
7045,34794
7046,45435
7047,56908
7048,54607
7049,71840
7050,48222
7051,48585
7052,60574
7053,40627
7054,77809
7055,58888
7056,70135
7057,70385
7058,59738
7059,50692
7060,40713
7061,39973
7062,78040
7063,56731
7064,45863
7065,77301
7066,35551
7067,79539
7068,50152
7069,79866
7070,64708
7071,77948
7072,44990
7073,45208
7074,66253
7075,75973
7076,68303
7077,74144
7078,36085
7079,66186
7080,53327
7081,77352
7082,74400
7083,59841
7084,39893
7085,73819
7086,66187
7087,70375
7088,78904
7089,40520
7090,47973
7091,63455
7092,53171
7093,35906
7094,64892
7095,69691
7096,38491
7097,61576
7098,68970
7099,43818
7100,50745
7101,46478
7102,38723
7103,50135
7104,64031
7105,55864
7106,41059
7107,54190
7108,38810
7109,59596
7110,36029
7111,45678
7112,47535
7113,62769
7114,55031
7115,76883
7116,66701
7117,74785
7118,38198
7119,50113
7120,50154
7121,77586
7122,54904
7123,72390
7124,40645
7125,73662
7126,76665
7127,76004
7128,43527
7129,78606
7130,55439
7131,48095
7132,54684
7133,48432
7134,61113
7135,60400
7136,36214
7137,64966
7138,47535
7139,59712
7140,78205
7141,44978
7142,76747
7143,59197
7144,53493
7145,74354
7146,65048
7147,66711
7148,71746
7149,56329
7150,50210
7151,44794
7152,63180
7153,78181
7154,43360
7155,54172
7156,72326
7157,36458
7158,47203
7159,57035
7160,61542
7161,74613
7162,66866
7163,73834
7164,49267
7165,50997
7166,37542
7167,60585
7168,68879
7169,68155
7170,42115
7171,53644
7172,39319
7173,75475
7174,49200
7175,37207
7176,57949
7177,75732
7178,66865
7179,44328
7180,75291
7181,48007
7182,38502
7183,54967
7184,79610
7185,65014
7186,57001
7187,40134
7188,71425
7189,40037
7190,37593
7191,63691
7192,62087
7193,55653
7194,62971
7195,78576
7196,64305
7197,60902
7198,47821
7199,74749
7200,56064
7201,64648
7202,37337
7203,74499
7204,37733
7205,45377
7206,64229
7207,77912
7208,47743
7209,75880
7210,61722
7211,75144
7212,58078
7213,38497
7214,60848
7215,41183
7216,64313
7217,68370
7218,45870
7219,67998
7220,70587
7221,61296
7222,38979
7223,75361
7224,43315
7225,56374
7226,35738
7227,48239
7228,45971
7229,38495
7230,57270
7231,74180
7232,65238
7233,71336
7234,50370
7235,68849
7236,65136
7237,56733
7238,43830
7239,66874
7240,36854
7241,61289
7242,58461
7243,65722
7244,78784
7245,73727
7246,40770
7247,79688
7248,40192
7249,56856
7250,38935
7251,75182
7252,79787
7253,69755
7254,47302
7255,36747
7256,74882
7257,60720
7258,49349
7259,74789
7260,77836
7261,42023
7262,80337
7263,78178
7264,46352
7265,36552
7266,70816
7267,71386
7268,51417
7269,49108
7270,79205
7271,52390
7272,56895
7273,36625
7274,63870
7275,46310
7276,66048
7277,48612
7278,36485
7279,69445
7280,42442
7281,66596
7282,52558
7283,73325
7284,43623
7285,69754
7286,59945
7287,79056
7288,65682
7289,77440
7290,37333
7291,39882
7292,54128
7293,59760
7294,42474
7295,43125
7296,75235
7297,41943
7298,54479
7299,35263
7300,69963
7301,43348
7302,40189
7303,56029
7304,57235
7305,77171
7306,53213
7307,44767
7308,58078
7309,73608
7310,48022
7311,67239
7312,57889
7313,73540
7314,59727
7315,56044
7316,59191
7317,55989
7318,39524
7319,37677
7320,65042
7321,36217
7322,57977
7323,72886
7324,59454
7325,37264
7326,67746
7327,62595
7328,57412
7329,66292
7330,54773
7331,69157
7332,52543
7333,77823
7334,49935
7335,72299
7336,44784
7337,62429
7338,78743
7339,71034
7340,72862
7341,54885
7342,36189
7343,71187
7344,45469
7345,41329
7346,57583
7347,60947
7348,38738
7349,50803
7350,38793
7351,45488
7352,71199
7353,54927
7354,52151
7355,65520
7356,48837
7357,51725
7358,80379
7359,46091
7360,73341
7361,64895
7362,64649
7363,43090
7364,50336
7365,49036
7366,42548
7367,73875
7368,63857
7369,56445
7370,49360
7371,53044
7372,45482
7373,38489
7374,73836
7375,42204
7376,57726
7377,80537
7378,63269
7379,45736
7380,44537
7381,68777
7382,72388
7383,53747
7384,35185
7385,79444
7386,67277
7387,70285
7388,63311
7389,66233
7390,60487
7391,79949
7392,61478
7393,51278
7394,40532
7395,75841
7396,35307
7397,45449
7398,66490
7399,76701
7400,42730
7401,64769
7402,47299
7403,57054
7404,36213
7405,62785
7406,43187
7407,47332
7408,37300
7409,42945
7410,78024
7411,36899
7412,56429
7413,39531
7414,39603
7415,74359
7416,61456
7417,70678
7418,40641
7419,53251
7420,56525
7421,77382
7422,71204
7423,73438
7424,71171
7425,67057
7426,73978
7427,59929
7428,56399
7429,46423
7430,40896
7431,37930
7432,60041
7433,36207
7434,73360
7435,55893
7436,80258
7437,55048
7438,79081
7439,51697
7440,38318
7441,58778
7442,60370
7443,47852
7444,37663
7445,55277
7446,36807
7447,70496
7448,39334
7449,45682
7450,40897
7451,61446
7452,58019
7453,61948
7454,74349
7455,51189
7456,35088
7457,68269
7458,80535
7459,76903
7460,80427
7461,47579
7462,73341
7463,55944
7464,69978
7465,36223
7466,51417
7467,39491
7468,78975
7469,80293
7470,71328
7471,63479
7472,62106
7473,53108
7474,79311
7475,60662
7476,56117
7477,50582
7478,50751
7479,50070
7480,41789
7481,65044
7482,67634
7483,41172
7484,39880
7485,39827
7486,61399
7487,55277
7488,69453
7489,58386
7490,58794
7491,73219
7492,71073
7493,61410
7494,66291
7495,41844
7496,79311
7497,53967
7498,36109
7499,41237
7500,51458
7501,65433
7502,50878
7503,66686
7504,75508
7505,74446
7506,50992
7507,51429
7508,71423
7509,48211
7510,44581
7511,45776
7512,57049
7513,77216
7514,42083
7515,54274
7516,63576
7517,77555
7518,70584
7519,76691
7520,52806
7521,62979
7522,77913
7523,38189
7524,51300
7525,74421
7526,59202
7527,40425
7528,56249
7529,70583
7530,48248
7531,52824
7532,51165
7533,40000
7534,63170
7535,35943
7536,45356
7537,60548
7538,55678
7539,76397
7540,66811
7541,63350
7542,48397
7543,44781
7544,74889
7545,70726
7546,40399
7547,55668
7548,76442
7549,57989
7550,51404
7551,56765
7552,53053
7553,53831
7554,53861
7555,48467
7556,66012
7557,56194
7558,73291
7559,52583
7560,35154
7561,47938
7562,75558
7563,62343
7564,66789
7565,51966
7566,50723
7567,34758
7568,48946
7569,59455
7570,75774
7571,59930
7572,78738
7573,56200
7574,49279
7575,42651
7576,48900
7577,55364
7578,38280
7579,76178
7580,58951
7581,74317
7582,53792
7583,42311
7584,54263
7585,66865
7586,38176
7587,60025
7588,61748
7589,56413
7590,51521
7591,43661
7592,67217
7593,51474
7594,67168
7595,66227
7596,54336
7597,58046
7598,73621
7599,48663
7600,36468
7601,56337
7602,53326
7603,76354
7604,43453
7605,73107
7606,70616
7607,51280
7608,70975
7609,37043
7610,34909
7611,35198
7612,61321
7613,35013
7614,80052
7615,58770
7616,71141
7617,50754
7618,54014
7619,36217
7620,48378
7621,41124
7622,39854
7623,41254
7624,61214
7625,72230
7626,35358
7627,56733
7628,76125
7629,80283
7630,65474
7631,59609
7632,37297
7633,60976
7634,59735
7635,48473
7636,46885
7637,67450
7638,60323
7639,76622
7640,60634
7641,62456
7642,42564
7643,40563
7644,62036
7645,65002
7646,35829
7647,63461
7648,48502
7649,58160
7650,80599
7651,67395
7652,60589
7653,46623
7654,71258
7655,71242
7656,60163
7657,72688
7658,66411
7659,46204
7660,58465
7661,37302
7662,76145
7663,45149
7664,52202
7665,49628
7666,49524
7667,66405
7668,47985
7669,44368
7670,35122
7671,57370
7672,53901
7673,36169
7674,59067
7675,77587
7676,49034
7677,54690
7678,64905
7679,70343
7680,39368
7681,58342
7682,36927
7683,59536
7684,65143
7685,73290
7686,58781
7687,36494
7688,63698
7689,45137
7690,51838
7691,71501
7692,58842
7693,58857
7694,57845
7695,36450
7696,49800
7697,68076
7698,63783
7699,72419
7700,43598
7701,68860
7702,50168
7703,68077
7704,67098
7705,67893
7706,73810
7707,63126
7708,78069
7709,80522
7710,48307
7711,62045
7712,75862
7713,60883
7714,43423
7715,68838
7716,65489
7717,37874
7718,73111
7719,53827
7720,69546
7721,38551
7722,37994
7723,58956
7724,36450
7725,45051
7726,40490
7727,53294
7728,61892
7729,74553
7730,57982
7731,55569
7732,35196
7733,47498
7734,76111
7735,76538
7736,40968
7737,47681
7738,64556
7739,41256
7740,59992
7741,72178
7742,64361
7743,74089
7744,43870
7745,49669
7746,67751
7747,43721
7748,66667
7749,40740
7750,60361
7751,57566
7752,47836
7753,41616
7754,59914
7755,63633
7756,68015
7757,35466
7758,52222
7759,61128
7760,61557
7761,69371
7762,36090
7763,38478
7764,45396
7765,66685
7766,60583
7767,35347
7768,47766
7769,52760
7770,59608
7771,64643
7772,42172
7773,47917
7774,75037
7775,62500
7776,70976
7777,37482
7778,79237
7779,39446
7780,37166
7781,72427
7782,57887
7783,41474
7784,61463
7785,63830
7786,50827
7787,37566
7788,64515
7789,42626
7790,76603
7791,71811
7792,64323
7793,69654
7794,46476
7795,73485
7796,42634
7797,42472
7798,35394
7799,41024
7800,44715
7801,52795
7802,71711
7803,63958
7804,36120
7805,67562
7806,58735
7807,59844
7808,51077
7809,49325
7810,45874
7811,62235
7812,35137
7813,38999
7814,65897
7815,46773
7816,36438
7817,75382
7818,58675
7819,55243
7820,65139
7821,69159
7822,52646
7823,74000
7824,76376
7825,77890
7826,47088
7827,46114
7828,76657
7829,80358
7830,78917
7831,67108
7832,74912
7833,52417
7834,72318
7835,40767
7836,53438
7837,64548
7838,54870
7839,62909
7840,70859
7841,67728
7842,63761
7843,75683
7844,76313
7845,74489
7846,69288
7847,80550
7848,42679
7849,70915
7850,71063
7851,76767
7852,54454
7853,74907
7854,54156
7855,44722
7856,78547
7857,40190
7858,49117
7859,59085
7860,54581
7861,58931
7862,44067
7863,59838
7864,64678
7865,46937
7866,49598
7867,62983
7868,46608
7869,77144
7870,38367
7871,63544
7872,59638
7873,53576
7874,63648
7875,61288
7876,53193
7877,41425
7878,59720
7879,59827
7880,42494
7881,40586
7882,52823
7883,54141
7884,35772
7885,65271
7886,53175
7887,39273
7888,70419
7889,78542
7890,79178
7891,77483
7892,40181
7893,76916
7894,74420
7895,35645
7896,40251
7897,70130
7898,48261
7899,48748
7900,53802
7901,57026
7902,39969
7903,49228
7904,70571
7905,72858
7906,51907
7907,61765
7908,67045
7909,59144
7910,59969
7911,80417
7912,77900
7913,49449
7914,48765
7915,44039
7916,65217
7917,64503
7918,49930
7919,77835
7920,50652
7921,59174
7922,47931
7923,72919
7924,42721
7925,78728
7926,74366
7927,54137
7928,61071
7929,70942
7930,45951
7931,65453
7932,44664
7933,56353
7934,36310
7935,43236
7936,56600
7937,63193
7938,49196
7939,51154
7940,72238
7941,60562
7942,72153
7943,73485
7944,48790
7945,66489
